Store Code,Store Name,Chain,Account,Zone,State,City
1100500,Reliance Smart Andheri,Reliance Retail,Reliance,West,Maharashtra,Mumbai
1102931,Lulu Mall Kochi,Lulu,Lulu Group,South-2,Kerala,Kochi
1102862,Wellness Forever Pune FC Road,Wellness Forever,Wellness Forever,West,Maharashtra,Pune
2302,Seagull Appartment,Reliance Retail,Reliance,East,Jharkhand,JAMSHEDPUR
2364,JharsaRoad,Reliance Retail,Reliance,North,NCR,GURGAON
2949,"Blue Whale Palace, Miryalaguda",Reliance Retail,Reliance,South,Telangana,Miryalguda
2956,RS Sandhya Tower,Reliance Retail,Reliance,East,Jharkhand,Ranchi
2957,SMT AP Tadepallegudem Selectio,Reliance Retail,Reliance,South,Andhra Pradesh,Tadepallegudem
2959,Santosh Property,Reliance Retail,Reliance,East,Orissa,Jajpur Road
2985,SMT TG Nalgonda Metro Complex,Reliance Retail,Reliance,South,Telangana,Nalgonda
2994,RS KSRTC Bus Stand,Reliance Retail,Reliance,South,Karnataka,MYSORE
2995,RRL Smart Meenakshi Garden,Reliance Retail,Reliance,North,Haryana,Sonipat
2996,RS Bestech Square Mall,Reliance Retail,Reliance,North,Punjab,Mohali
2997,RS Urban Oasis Mall,Reliance Retail,Reliance,South,Karnataka,Hubli
3210,AyodhyaByePass,Reliance Retail,Reliance,North,Madhya Pradesh,Bhopal
3338,Nagercoil,Reliance Retail,Reliance,South,Tamil Nadu,Nagercoil
6201,SMT AP Tirupati Abhi Tower,Reliance Retail,Reliance,South,Andhra Pradesh,Tirupathi
6202,ISKCON,Reliance Retail,Reliance,West,Gujarat,Ahmedabad
6203,Moti Khavdi,Reliance Retail,Reliance,West,Gujarat,JAMNAGAR
6205,CrownInteriorzMall,Reliance Retail,Reliance,North,NCR,FARIDABAD
6206,MaruTower,Reliance Retail,Reliance,East,Jharkhand,Ranchi
6208,Almonte-Khardi Bypas,Reliance Retail,Reliance,West,Maharashtra,PUNE
6209,TainSqr-FatimaNgr,Reliance Retail,Reliance,West,Maharashtra,PUNE
6210,Central City Mall,Reliance Retail,Reliance,West,Mumbai,MUMBAI
6212,Dargamitta,Reliance Retail,Reliance,South,Andhra Pradesh,NELLORE
6214,SMT ROTN Tiruchirappalli Manga,Reliance Retail,Reliance,South,Tamilnadu,Trichy
6215,GNT Road,Reliance Retail,Reliance,South,Andhra Pradesh,RAJAHMUNDRY
6217,Acme Mall,Reliance Retail,Reliance,West,Mumbai,MUMBAI
6219,Aundh,Reliance Retail,Reliance,West,Maharashtra,PUNE
6220,Phoenix Market City,Reliance Retail,Reliance,West,Mumbai,MUMBAI
6221,D-Victoria,Reliance Retail,Reliance,West,Mumbai,MUMBAI
6224,OSRTC Bhubaneshwar,Reliance Retail,Reliance,East,Orissa,Bhubaneshwar
6225,Vijaynagar TTMC,Reliance Retail,Reliance,South,Karnataka,Bangalore
6228,Srinivasa Nagar,Reliance Retail,Reliance,South,Andhra Pradesh,Ananthapur 
6237,Drive in,Reliance Retail,Reliance,West,Gujarat,Ahmedabad
6239,RRL Dwarka,Reliance Retail,Reliance,North,Delhi,DELHI
6244,SMT AP Kakinada Ramasomayajulu,Reliance Retail,Reliance,South,Andhra Pradesh,Kakinada
6703,ManeklalRoad,Reliance Retail,Reliance,West,Gujarat,NAVSARI
6705,Oberon Mall,Reliance Retail,Reliance,South,Kerala,Ernakulam
6712,Mangalya,Reliance Retail,Reliance,West,Gujarat,Vadodara
6713,SMT AP Tanuka Narendra Centre,Reliance Retail,Reliance,South,Andhra Pradesh,Tanuku
6714,SMT TG Warangal Alankar Chowra,Reliance Retail,Reliance,South,Telangana,Warangal
6715,Bhimavaram,Reliance Retail,Reliance,South,Andhra Pradesh,BHEEMAVARAM
6717,Bhiwadi,Reliance Retail,Reliance,North,Rajasthan,Bhiwadi
6719,Erandwane,Reliance Retail,Reliance,West,Maharashtra,PUNE
6722,Lake City Udaipur,Reliance Retail,Reliance,North,Rajasthan,UDAIPUR
6725,SMT AP Chittoor Nagamani Tower,Reliance Retail,Reliance,South,Andhra Pradesh,Chittor
6726,Elements Mall,Reliance Retail,Reliance,North,Rajasthan,JAIPUR
6727,BMG Mall Rewari,Reliance Retail,Reliance,North,Haryana,Rewari
6728,SMART Nacharam,Reliance Retail,Reliance,South,Telangana,Hyderabad
F1ZI,SBZ AS Guwahati LOKHRA,Reliance Retail,Reliance,East,Assam,Guwahati
FR00,LODHA EXPERIA MALL,Reliance Retail,Reliance,West,Mumbai,Mumbai
FR02,KANDIVLI-GROWEL 101,Reliance Retail,Reliance,West,Mumbai,Mumbai
FR03, Infinity Malad,Reliance Retail,Reliance,West,Mumbai,Mumbai
FR04,MATUNGA-ERA HOUSE,Reliance Retail,Reliance,West,Mumbai,Mumbai
FR08,SEAWOODS,Reliance Retail,Reliance,West,Mumbai,NAVI MUMBAI
FR10, Bhayander,Reliance Retail,Reliance,West,Mumbai,Thane
FR15,VIVA CITY MALL,Reliance Retail,Reliance,West,Mumbai,Mumbai
FR22,Vashi Inorbit,Reliance Retail,Reliance,West,Mumbai,NAVI MUMBAI
FR23,DEOLALI-URBAN SPACE,Reliance Retail,Reliance,West,Maharashtra,Nasik
FR27, DB mall Bhopal,Reliance Retail,Reliance,North,Madhya Pradesh,Bhopal
FR30,MALHAR MEGA MALL,Reliance Retail,Reliance,North,Madhya Pradesh,Indore
FR31,TREASURE ISLAND,Reliance Retail,Reliance,North,Madhya Pradesh,Indore
FR40,HYPERCITY-BENGALURU-ROYAL MEEN,Reliance Retail,Reliance,South,Karnataka,Bangalore
FR43,smart bazar-BENGALURU-VB COLONY-ED(BANASWADI),Reliance Retail,Reliance,South,Karnataka,Bangalore
FR45,BANASHANKARI,Reliance Retail,Reliance,South,Karnataka,Bengaluru
FR46,Smart Bazaar - BENGALURU-HEBBAL-MARUTHI ARCADE,Reliance Retail,Reliance,South,Karnataka,Bangalore
FR47,Smart Bazaar - JAYANAGAR,Reliance Retail,Reliance,South,Karnataka,Bangalore
FR48,SMART BAZAAR MALLESHWARAM,Reliance Retail,Reliance,South,Karnataka,Bangalore
FR49, RAJAJI NAGAR ,Reliance Retail,Reliance,South,Karnataka,Bengaluru
FR50,KUNDANAHALLI,Reliance Retail,Reliance,South,Karnataka,Bangalore
FR57,SB MYSORE CHAMRAJPURAM,Reliance Retail,Reliance,South,Karnataka,MYSORE
FR60, ALPHA ONE,Reliance Retail,Reliance,West,Gujarat,Ahmedabad
FR62,KRISHNA PLAZA,Reliance Retail,Reliance,East,Orissa,Bhubaneshwar
FR63,ESPLANADE MALL,Reliance Retail,Reliance,East,Orissa,Bhubaneshwar
FR64,FORUM,Reliance Retail,Reliance,East,Orissa,Bhubaneshwar
FR67,smart bazar-BHUBANESHWAR-DN REGALIA,Reliance Retail,Reliance,East,Orissa,Bhubaneswar
FR69,SBZ OD PURI GURU EMPIRES,Reliance Retail,Reliance,East,ODISHA,Puri
FR71,Vizag (Dwarka Nagar),Reliance Retail,Reliance,South,Andhra Pradesh,Visakhapatnam
FR73,COSMOS MALL,Reliance Retail,Reliance,East,West Bengal,Siliguri
FR74,smart bazar-SILIGURI-SKY STAR,Reliance Retail,Reliance,East,WEST BENGAL,Siliguri
FR76,RINK MALL,Reliance Retail,Reliance,East,West Bengal,DARJILING
FR78,SBZ WB Jalpaiguri PRM MARKET C,Reliance Retail,Reliance,East,West Bengal,Jalpaiguri
FR92,Smart Bazaar - Mg Road-Kochi,Reliance Retail,Reliance,South,Kerala,Kochi
FR93,Smart Bazaar - Nucleus Mall,Reliance Retail,Reliance,south,Kerala,Ernakulam
FR94,Smart Bazaar - Kottayam,Reliance Retail,Reliance,South,Kerala,Kottayam
FR95,Smart Bazaar - Palakkad,Reliance Retail,Reliance,South,Kerala,Palakkad
FR96,PVH CITY PARK,Reliance Retail,Reliance,South,Kerala,Kozhikode
FR97,Pazhavangadi,Reliance Retail,Reliance,South,Kerala,Thiruvananthapuram
FR98,Smart Bazaar -Pattom,Reliance Retail,Reliance,South,Kerala,Thiruvananthapuram
FRAQ,B G TOWER-KANKE ROAD,Reliance Retail,Reliance,East,Jharkhand,Ranchi
FRAR,J C TOWER,Reliance Retail,Reliance,East,Jharkhand,Ranchi
FRAT,CENTRAL AVENUE-STEEL CITY,Reliance Retail,Reliance,East,Jharkhand,Bokaro
FRAU,P & M MALL,Reliance Retail,Reliance,East,Jharkhand,Jamshedpur
FRAW,SBZ JH DHANBAD SRIRAM MALL,Reliance Retail,Reliance,East,JHARKHAND,Dhanbad
FRAX,smart bazar-KODERMA-UJALA COMPLEX,Reliance Retail,Reliance,East,JHARKHAND,Koderma
FRAY,smart bazar- DEOGHAR- SUBHASH ROAD,Reliance Retail,Reliance,East,JHARKHAND,Deoghar
FRBC,BB-AMBALA-RAI MARKET,Reliance Retail,Reliance,North,Haryana,Ambala
FRBD, ELANTE MALL,Reliance Retail,Reliance,North,Punjab,Chandigarh
FRBF,BB-BADDI-HOMELAND CI,Reliance Retail,Reliance,North,Himachal Pradesh,Baddi
FRBH,KOMPALLY-QUTHABULAPUR MANDA,Reliance Retail,Reliance,South,Telangana,Hyderabad
FRBJ,AMEERPET,Reliance Retail,Reliance,South,Telangana,Hyderabad
FRBK,TARNAKA HYDERABAD,Reliance Retail,Reliance,South,Telangana,Hyderabad
FRBM,MADHAPUR Inorbit,Reliance Retail,Reliance,south,TELANGANA,Hyderabad
FRBN,MAHESHWARI,Reliance Retail,Reliance,South,Telangana,Hyderabad
FRBO,SAIDABAD-ARIHANT TOWER,Reliance Retail,Reliance,South,Telangana,Hyderabad
FRBQ,Smart Bazaar - Thrissur,Reliance Retail,Reliance,South,Kerala,Thrissur
FRBR,SUN CITY MALL,Reliance Retail,Reliance,East,West Bengal,Barasat
FRBS,AVANI,Reliance Retail,Reliance,East,West Bengal,Howrah
FRBT,smart bazar-KOLKATA-BIRATI,Reliance Retail,Reliance,East,WEST BENGAL,KOLKATA
FRBU,DCN MALL-JESSORE ROAD,Reliance Retail,Reliance,East,West Bengal,KOLKATA
FRBV,HILAND PARK-THE METROPOLIS,Reliance Retail,Reliance,East,West Bengal,KOLKATA
FRBW,JADAVPUR-ORBIT MALL,Reliance Retail,Reliance,East,West Bengal,KOLKATA
FRCA,RASHBEHARI AVENUE,Reliance Retail,Reliance,East,West Bengal,KOLKATA
FRCB,SALT LAKE,Reliance Retail,Reliance,East,West Bengal,KOLKATA
FRCC,SEALDAH,Reliance Retail,Reliance,East,West Bengal,KOLKATA
FRCF,V.I.P. ROAD,Reliance Retail,Reliance,East,West Bengal,KOLKATA
FRCG,WOOD SQUARE MALL-PARGANAS,Reliance Retail,Reliance,East,West Bengal,KOLKATA
FRCH,GALAXY MALL-BURNPUR ROAD,Reliance Retail,Reliance,East,West Bengal,Asansol
FRCJ,JELKHANA MORE,Reliance Retail,Reliance,East,West Bengal,Barddhaman
FRCK,Durgapur,Reliance Retail,Reliance,East,West Bengal,Durgapur
FRCL,smart bazar-HALDIA-CITY CENTER,Reliance Retail,Reliance,East,WEST BENGAL,Haldia
FRCO,AMBI MALL,Reliance Retail,Reliance,North,NCR,Gurugram
FRCP,BB-GURGAON-OMAXE SOH,Reliance Retail,Reliance,North,NCR,Gurugram
FRCQ,SAHARA MALL,Reliance Retail,Reliance,North,NCR,Gurugram
FRCS,ORCHARD ROAD MALL,Reliance Retail,Reliance,North,Delhi,Delhi
FRCT, _DWARKA,Reliance Retail,Reliance,North,Delhi,Delhi
FRCX,VASANT KUNJ-AMBIA (VK2),Reliance Retail,Reliance,North,Delhi,Delhi
FRDA,V3S MALL,Reliance Retail,Reliance,North,Delhi,Delhi
FRDB,KALKAJI METRO STATION,Reliance Retail,Reliance,North,Delhi,Delhi
FRDE,FB-GHAZIABAD-SHIPRA,Reliance Retail,Reliance,North,NCR,Ghaziabad
FRDF,MALL OF INDIA,Reliance Retail,Reliance,North,NCR,Noida
FRDH,OPULENT MALL-ED,Reliance Retail,Reliance,North,NCR,Ghaziabad
FRDI,  Mahagun,Reliance Retail,Reliance,North,NCR,Ghaziabad
FRDJ,ADITYA MALL,Reliance Retail,Reliance,North,NCR,Ghaziabad
FRDK,GREAT INDIA PLACE,Reliance Retail,Reliance,North,NCR,Noida
FRDL,LOGIX CITY CENTER,Reliance Retail,Reliance,North,NCR,Noida
FRDM,GAUR CITY,Reliance Retail,Reliance,North,NCR,Noida
FRDP,PINK SQUARE MALL,Reliance Retail,Reliance,North,Rajasthan,JAIPUR
FRDT,JHALAWAR ROAD,Reliance Retail,Reliance,North,Rajasthan,Kota
FRDU,VIDYANAGAR ROAD,Reliance Retail,Reliance,West,Gujarat,Anand
FRDV,SHALIMAR TALKIES,Reliance Retail,Reliance,West,Gujarat,Bharuch
FRDY,KAMDHENU CORP,Reliance Retail,Reliance,West,Gujarat,Surat
FRDZ,INORBIT MALL,Reliance Retail,Reliance,West,Gujarat,Vadodara
FREB,SEVENSEAS MALL,Reliance Retail,Reliance,West,Gujarat,Vadodara
FREM,CELEBRATION MALL-MF,Reliance Retail,Reliance,North,Rajasthan,Udaipur
FRER,OLD OLYMPIC CINEMA,Reliance Retail,Reliance,North,Rajasthan,Jodhpur
FREX,Z SQUARE MALL-M G ROAD,Reliance Retail,Reliance,North,Uttar Pradesh,Kanpur
FRFA,PHOENIX MARKET CITY,Reliance Retail,Reliance,North,Uttar Pradesh,Bareilly
FRFB,GOLDIGHI COMPLEX,Reliance Retail,Reliance,East,Assam,Silchar
FRFC, MOUZA-NAGARMHAL-PATTA NO 99,Reliance Retail,Reliance,East,Assam,Jorhat
FRFD,MOUZA SAMBALPUR T,Reliance Retail,Reliance,East,Orissa,Sambalpur
FRFH,RUPESHI CINEMA,Reliance Retail,Reliance,East,TRIPURA,Agartala
FRFJ,Smart Bazaar - BIDAR-BVB COLLEGE,Reliance Retail,Reliance,South,Karnataka,Bidar
FRFK,IP GRAND,Reliance Retail,Reliance,North,Uttar Pradesh,Varanasi
FRFP,BAILEY ROAD-KHAJEPURA,Reliance Retail,Reliance,East,Bihar,Patna
FRFQ,SBZ KN Shivamogga KSRTC BUS ST,Reliance Retail,Reliance,South,Karnataka,Shivamogga
FRFR,METROPOLIS MALL,Reliance Retail,Reliance,North,Uttarakhand,Rudrapur
FRFU,KAZMI OASIS,Reliance Retail,Reliance,East,Bihar,Gaya
FRFV,GIRJANANDAN COMPLEX,Reliance Retail,Reliance,East,Bihar,Muzaffarpur
FRGA,BB-KANGARA-MAHESH RA,Reliance Retail,Reliance,North,Himachal Pradesh,Kangra
FRGC,ORDELY MALL,Reliance Retail,Reliance,North,Uttar Pradesh,Varanasi
FRGE,NAGI HOUSE,Reliance Retail,Reliance,East,NAGALAND,Dimapur
FRGF,AIRPORT ROAD,Reliance Retail,Reliance,North,Uttar Pradesh,Gorakhpur
FRGH,A.T.ROAD,Reliance Retail,Reliance,East,Assam,Dibrugarh
FRGK,CITY SQUARE MALL,Reliance Retail,Reliance,North,Jammu & Kashmir,Jammu
FRGM,CITY CENTER MALL-VIL,Reliance Retail,Reliance,West,Chhattisgarh,Raipur
FRGN,ADITYA MALL CINEM,Reliance Retail,Reliance,West,Gujarat,Gandhidham
FRGO,DB Mall Gwalior,Reliance Retail,Reliance,North,Madhya Pradesh,Gwalior
FRGQ,DURGA CITY CENTER,Reliance Retail,Reliance,North,Uttarakhand,Haldwani
FRGS,K P MALL,Reliance Retail,Reliance,East,Bihar,Patna
FRGU,SBZ BH Darbhanga JHA COMPLEX,Reliance Retail,Reliance,East,Bihar,Darbhanga
FRGW,SANJAY PLACE-MF,Reliance Retail,Reliance,North,Uttar Pradesh,Agra
FRGX,MANGALORE ATTAVARA,Reliance Retail,Reliance,South,Karnataka,Mangalore
FRHC,SAHARA MALL,Reliance Retail,Reliance,North,Uttar Pradesh,Lucknow
FRHF,ANCHOR STORE,Reliance Retail,Reliance,North,Uttar Pradesh,Kanpur
FRHI,SBZ KN Udupi T.M.A. PAI HOSPIT,Reliance Retail,Reliance,South,Karnataka,Udupi
FRHJ,MLB ROAD-DINDAYAL C,Reliance Retail,Reliance,North,Madhya Pradesh,Gwalior
FRHK,CITY SQUARE,Reliance Retail,Reliance,East,Assam,Guwahati
FRHL,Smart Bazaar - BELGAUM-TILAK WADI,Reliance Retail,Reliance,South,Karnataka,Belgaum
FRHM,NARMADA ROAD,Reliance Retail,Reliance,North,Madhya Pradesh,Jabalpur
FRHR,PHOENIX MALL,Reliance Retail,Reliance,North,Uttar Pradesh,Lucknow
FRHT,PNM MALL-LOYALA SCHOOL,Reliance Retail,Reliance,East,Bihar,Patna
FRLF,Khdidarpur,Reliance Retail,Reliance,East,West Bengal,Khdidarpur
SLMP,ChandKheda,Reliance Retail,Reliance,West,Gujarat,Ahmedabad
T0BL,BISMI KALOOR,Reliance Retail,Reliance,South,Kerala,Cochi
T0BU,BISMI PALAKKAD,Reliance Retail,Reliance,South,Kerala,Palakkad
T0BV,BISMI PERINTHALMANNA,Reliance Retail,Reliance,South,Kerala,Malappuram
T0CK,BISMI KALAMASSERY,Reliance Retail,Reliance,South,Kerala,Cochi
T0CP,Bismi Muvattupuzha,Reliance Retail,Reliance,South,Kerala,Muvattupuzha
T0L4,Bismi Kaloor,Reliance Retail,Reliance,South,Kerala,Kaloor
T0L5,Bismi Kalamaserry,Reliance Retail,Reliance,South,Kerala,Kalamaserry
T0L7,Bismi Palakkad,Reliance Retail,Reliance,South,Kerala,Palakkad
T0M3,Bismi Perinthalmanna,Reliance Retail,Reliance,South,Kerala,Perinthalmanna
T0MG,BISMI MUVATTUPUZHA,Reliance Retail,Reliance,South,Kerala,Cochi
T0YK,Srikakulam,Reliance Retail,Reliance,South,Andhra Pradesh,SRIKAKULAM
T0Z9,Himmat Nagar,Reliance Retail,Reliance,West,Gujarat,HIMATNAGAR
T15Z,SMT OD ROURKELA PLUTTON MALL,Reliance Retail,Reliance,East,ODISHA,Rourkela
T1CT,Malda - smart bazar,Reliance Retail,Reliance,East,WEST BENGAL,WEST BENGAL
T1EC,Gangtok,Reliance Retail,Reliance,East,Sikkim,Gangtok
T1NC,Varkkala,Reliance Retail,Reliance,south,Kerala,Trivandrum
T1NE,SMART Motihari,Reliance Retail,Reliance,East,BIHAR,Motihari
T1X4,Kozhencherry,Reliance Retail,Reliance,South,Kerala,Pathanamthitta
T2DI,SMT KR SIRSI BANAVASI ROAD,Reliance Retail,Reliance,south,KARNATAKA,SIRSI
T2DO,SMART Gaya Civil lines,Reliance Retail,Reliance,East,BIHAR,Faya
T2EA,SMT BH PATNA GOLA ROAD,Reliance Retail,Reliance,East,Bihar,Patna
T37T,Prayagraj,Reliance Retail,Reliance,North,Uttar Pradesh,Allahabad
T42N,Nizamabad,Reliance Retail,Reliance,South,Telangana,Nizamabad
T48P,Smart Bazaar - Faridabad ,Reliance Retail,Reliance,North,NCR,Faridabad 
T48W,Smart Madikeri,Reliance Retail,Reliance,South,Karnataka,Madikeri
T5WH,bongaingaon,Reliance Retail,Reliance,East,aSSAM,bongaingaon
T60M,SMART Sipara,Reliance Retail,Reliance,East,BIHAR,Sipara
T62I,Raipur,Reliance Retail,Reliance,West,Chhattisgarh,RAIPUR
T63A,SMT OR Cuttack,Reliance Retail,Reliance,East,Orissa,Cuttack
T64J,Dhubri,Reliance Retail,Reliance,East,ASSAM,Dhubri
T6XJ,laxmi Narayan Temple,Reliance Retail,Reliance,South,Karnataka,KUNDAPURA
T84I,Smart Bahadurgarh,Reliance Retail,Reliance,North,Haryana,Bahadurgarh
T84L,Roongta Signature,Reliance Retail,Reliance,West,Gujarat,Surat
T89W,Smart Barbil,Reliance Retail,Reliance,East,Orissa,Barbil
T913,RRL Smart Jaipuria Mall,Reliance Retail,Reliance,North,NCR,Ghaziabad
T914,MBD Neopolis Mall,Reliance Retail,Reliance,North,Punjab,Ludhiana
T915,Signature Street,Reliance Retail,Reliance,North,NCR,Ghaziabad
T946,Paras Mall,Reliance Retail,Reliance,North,Rajasthan,UDAIPUR
T971,M3M Urbana Premium,Reliance Retail,Reliance,North,NCR,Gurugram
T9SE,Smart Kurukshetra,Reliance Retail,Reliance,North,Haryana,Kurukshetra
TA35,Karaparamb,Reliance Retail,Reliance,South,Kerala,Kozhikode
TA36,SMT TN Chn Iyyapanthangal,Reliance Retail,Reliance,South,Tamilnadu,Chennai
TA5I,SMART Bhagalpur,Reliance Retail,Reliance,East,BIHAR,Bhagalpur
TA5L,Smart Tezpur,Reliance Retail,Reliance,East,ASSAM,Tezpur
TA7A,SMART Siwan,Reliance Retail,Reliance,East,BIHAR,Sabalpur
TA7C,Smart Palampur,Reliance Retail,Reliance,North,Himachal Pradesh,Palampur
TA9N,Smart Bolpur,Reliance Retail,Reliance,East,WEST BENGAL,Bolpur
TAFW, R Mall,Reliance Retail,Reliance,West,Mumbai,Thane
TAH3,Gorakhpur,Reliance Retail,Reliance,North,Uttar Pradesh,Gorakhpur
TAI9,UNA,Reliance Retail,Reliance,North,Himachal Pradesh,Una
TAIE,Maraimalai Nagar,Reliance Retail,Reliance,south,TN,Maraimalainagar
TAJ7,Smart Balurghat,Reliance Retail,Reliance,East,WEST BENGAL,Balurghat
TAUX,Sola Science City,Reliance Retail,Reliance,West,Gujarat,Ahmedabad
TB15,Virasha STC Commercial Complex,Reliance Retail,Reliance,North,Madhya Pradesh,Bhopal
TB18,SMT AP Ongole Shubharao Proper,Reliance Retail,Reliance,South,Andhra Pradesh,Ongole
TB19,SMT TG Khammam YS Tower,Reliance Retail,Reliance,South,Telangana,Khammam
TC74,Iris Broadway,Reliance Retail,Reliance,North,NCR,GURGAON
TC95,Pinnacle Mall,Reliance Retail,Reliance,West,Maharashtra,Nasik
TCD6,SMT TN Cuddalore Amirtha site,Reliance Retail,Reliance,South,Tamilnadu,Cuddalore
TCE7,Dibrughar,Reliance Retail,Reliance,East,Assam,Dibrugarh
TD04,SMART Shelter Mall,Reliance Retail,Reliance,East,Jharkhand,Ranchi
TDC7,Sambalpur,Reliance Retail,Reliance,East,Orissa,Sambalpur
TDE3,Undri,Reliance Retail,Reliance,West,Maharashtra,Pune
TDF0,SMART Inco Chowk,Reliance Retail,Reliance,North,Haryana,Ambala
TE39,SMT TN Vellore Registrar PM St,Reliance Retail,Reliance,South,Tamilnadu,Vellore
TE57,Mall of Amritsar,Reliance Retail,Reliance,North,Punjab,AMRITSAR
TEI1,SMT WB Jaigaon Paragna Purba m,Reliance Retail,Reliance,East,West Bengal,Jaigaon
TFY2,Smart BB Sen Rd Berhampore,Reliance Retail,Reliance,East,WEST BENGAL,Beharampore
TFY6,SMT ROTN Dindigul Pensioner St,Reliance Retail,Reliance,South,Tamilnadu,Dindigul
TFY8,Makronia Square Sagar,Reliance Retail,Reliance,North,Madhya Pradesh,Sagar
TG2K,Bhuj,Reliance Retail,Reliance,West,Gujarat,Bhuj
TG87,Alleppey,Reliance Retail,Reliance,South,Kerala,Alappuzha
TGL6,Sunrise Plaza,Reliance Retail,Reliance,North,Madhya Pradesh,Sagar
TH93,Forum Galleria,Reliance Retail,Reliance,East,Orissa,Rourkela
TH94,SMART Khori House Sikar,Reliance Retail,Reliance,North,Rajasthan,Sikar
TI58,SMT AP Vuyyur Town Rama Krishn,Reliance Retail,Reliance,South,Andhra Pradesh,Vuyyur
TI67,SMT TG Mahbubnagar Dr Nandans,Reliance Retail,Reliance,South,Telangana,Mahbubnagar
TI77,KW Delhi 6 ,Reliance Retail,Reliance,North,NCR,Ghaziabad
TIT2,SMT AP Vizag Adarsha Nagar,Reliance Retail,Reliance,South,Andhra Pradesh,Vizag
TIU3,RRL Smart Daltonganj,Reliance Retail,Reliance,East,JHARKHAND,Daltonganj
TIU6,Dumka,Reliance Retail,Reliance,East,Jharkhand,Dumka
TJE5,SMT AP Ponnuru GBC Rd,Reliance Retail,Reliance,South,Andhra Pradesh,Guntur
TK48, City Centre Mall,Reliance Retail,Reliance,East,Jharkhand,Dhanbad
TKX4,Godda,Reliance Retail,Reliance,East,JHARKHAND,Godda
TL07,SMT TG Warangal Maddox Mall,Reliance Retail,Reliance,South,Telangana,Warangal
TL30,Vikaspuri,Reliance Retail,Reliance,North,Delhi,DELHI
TM18,Orchid Mall,Reliance Retail,Reliance,South,Karnataka,Gulbarga
TM27,Mohanty Property Balasore,Reliance Retail,Reliance,East,Orissa,Balasore
TM77,SMT KN Vijayapura Patil Planet,Reliance Retail,Reliance,South,Karnataka,Bijapur
TMI1,Mittal Mall,Reliance Retail,Reliance,North,Rajasthan,Ajmer
TMI6,Smart Anugul Divya Jyoti,Reliance Retail,Reliance,East,Orissa,Angul
TMO0,Chittor,Reliance Retail,Reliance,South,Andhra Pradesh,Chittoor
TMO2,SMART BAZAR TOWLICHOWKI,Reliance Retail,Reliance,South,Telangana,Hyderabad
TMW7,Kalwa Smart ,Reliance Retail,Reliance,West,Mumbai,Mumbai
TMZ5,Madhyamgram City,Reliance Retail,Reliance,East,West Bengal,Madhyamgram
TN54,Chandra Square,Reliance Retail,Reliance,West,Chhattisgarh,Raipur
TN55,Dwarika Developers,Reliance Retail,Reliance,East,West Bengal,Siliguri
TN56,Ananda Export,Reliance Retail,Reliance,East,Orissa,Bhubaneshwar
TNA8,Advance Mills,Reliance Retail,Reliance,West,Gujarat,Ahmedabad
TNA9,Moghalrajpuram,Reliance Retail,Reliance,South,Andhra Pradesh,Vijayawada
TNB5,Himalaya Mall,Reliance Retail,Reliance,West,Gujarat,BHAVNAGAR
TNB7,Mangla Chowk,Reliance Retail,Reliance,West,Chhattisgarh,Bilaspur
TNB8,Madhavaram,Reliance Retail,Reliance,South,Tamil Nadu,Chennai
TNC0,P B. Road,Reliance Retail,Reliance,South,Karnataka,Davanagere
TNC1,Gms Road,Reliance Retail,Reliance,North,Uttarakhand,Dehradun
TNC2,Smart Perundurai Road Erode   ,Reliance Retail,Reliance,south,TN,Erode
TNC3,SMT MKT AP Guntur SIMS Collage,Reliance Retail,Reliance,South,Andhra Pradesh,Guntur
TNC4,Beltola,Reliance Retail,Reliance,East,Assam,Guwahati
TNC5,Vishwakarma,Reliance Retail,Reliance,North,Rajasthan,JAIPUR
TNC6,Nurpur,Reliance Retail,Reliance,North,Punjab,Jalandhar Puda
TNC7,Sungumberg Mall,Reliance Retail,Reliance,North,Punjab,Mohali
TNC8,Hunsur Road,Reliance Retail,Reliance,South,Karnataka,MYSORE
TNC9,Vinayak Nagar,Reliance Retail,Reliance,South,Telangana,Nizamabad
TND0,Basaveshwara,Reliance Retail,Reliance,South,Karnataka,Raichur
TND1,Nana Mava,Reliance Retail,Reliance,West,Gujarat,Rajkot
TND2,SMT MKT ROTN Salem Meyyanur,Reliance Retail,Reliance,South,Tamilnadu,Salem
TND4,Bhaktinagar,Reliance Retail,Reliance,East,West Bengal,Siliguri
TND5,Vesu,Reliance Retail,Reliance,West,Gujarat,Surat
TND6,SMT MKT ROTN Tirunelveli Palay,Reliance Retail,Reliance,South,Tamilnadu,Tirunelveli
TND7,SMT MKT ROTN Tiruchirappalli T,Reliance Retail,Reliance,South,Tamilnadu,Trichy
TNE1,SMT MKT KN Belagavi Kangrali,Reliance Retail,Reliance,South,Karnataka,Belgum
TNE3,Haldwani,Reliance Retail,Reliance,North,Uttarakhand,Haldwani
TNP8,Manjri Budruk ,Reliance Retail,Reliance,West,Maharashtra,Pune
TO19,Kottayam,Reliance Retail,Reliance,South,Kerala,Kottayam
TO20,Rolex Tower,Reliance Retail,Reliance,North,Madhya Pradesh,Gwalior
TO52,Smart Coochbehar,Reliance Retail,Reliance,East,WEST BENGAL,Coochbehar
TOG3,Smart Raigunj,Reliance Retail,Reliance,East,WEST BENGAL,Raigunj
TOJ6,R City Mall Ghatkopar,Reliance Retail,Reliance,West,Mumbai,MUMBAI
TOL2,Fortune Plaza Shivpuri,Reliance Retail,Reliance,North,Madhya Pradesh,Shivpuri
TOM0,Korum Mall,Reliance Retail,Reliance,West,Mumbai,MUMBAI
TP05,Jivesh Garden,Reliance Retail,Reliance,North,Haryana,Rohtak
TP06,SMART Aggarwal Prestige Mall,Reliance Retail,Reliance,North,Delhi,DELHI
TP23,SMT KL Muvattupuzha Grand cent,Reliance Retail,Reliance,South,Kerala,Muvattupuzha
TP58,SMT KN Udupi City Centre Mall,Reliance Retail,Reliance,South,Karnataka,Udupi
TP60,Kesar Bagh ,Reliance Retail,Reliance,North,Madhya Pradesh,Gwalior
TP61,Smart Yash Pinnacle,Reliance Retail,Reliance,West,Gujarat,Ahmedabad
TP62,T Raju Property Boduppal,Reliance Retail,Reliance,South,Telangana,Hyderabad
TP75,Shashtri Bridge,Reliance Retail,Reliance,North,Madhya Pradesh,Jabalpur
TP76,Saraswati Nagar,Reliance Retail,Reliance,North,Rajasthan,Jodhpur
TPT9,SMT AP Nellore Narthaki Comple,Reliance Retail,Reliance,South,Andhra Pradesh,Nellore
TQ20,SMT AP Guntur Amravathi Rd,Reliance Retail,Reliance,South,Andhra Pradesh,Guntur
TQ21,Santosh Nagar Goregaon,Reliance Retail,Reliance,West,Mumbai,MUMBAI
TQ22,Sevoke Road,Reliance Retail,Reliance,East,West Bengal,Siliguri
TQ61,Smart Kollam,Reliance Retail,Reliance,South,Kerala,Kollam
TQ70,Reality Warehouse Wagholi,Reliance Retail,Reliance,West,Maharashtra,PUNE
TR28,Shivananjaiah Malagala Rd,Reliance Retail,Reliance,South,Karnataka,Bangalore
TR86,SMT SK Gangtok Vajra World,Reliance Retail,Reliance,East,Sikkim,Gangtok
TS12,SB Santosh Nagar Goregaon,Reliance Retail,Reliance,West,Mumbai,goregaon
TS31,SMT AP Narasaraopet Industrial,Reliance Retail,Reliance,South,Andhra Pradesh,Narasaraopeta
TU21,G3S Mall Rohini,Reliance Retail,Reliance,North,Delhi,DELHI
TUM6,SB DOODI VILLAGE,Reliance Retail,Reliance,South,Telangana,Hyderabad
TV09,SMT AP Proddatur SS Mall,Reliance Retail,Reliance,South,Andhra Pradesh,Proddatur
TV60,SMT TG Sangareddy Kamal Kishor,Reliance Retail,Reliance,South,Telangana,Sangareddy
TW11,Najafgarh,Reliance Retail,Reliance,North,Delhi,DELHI
TW33,Centre Point Giridih,Reliance Retail,Reliance,East,JHARKHAND,Giridih
TW60,Patia,Reliance Retail,Reliance,East,Orissa,Bhubaneshwar
TX87,SMT KN Hubballi Kusugal Rd,Reliance Retail,Reliance,South,Karnataka,Hubbli
TXTL,SMT AP Jaggayyapeta Nataraj Th,Reliance Retail,Reliance,South,Andhra Pradesh,Jaggayyapeta
TXVR,Adjacent Atal Park,Reliance Retail,Reliance,North,Haryana,Jind
TXXD,Jhargram,Reliance Retail,Reliance,East,WEST BENGAL,Jhargram
TY63,SMT AP Vinukonda Lakshmi Compl,Reliance Retail,Reliance,South,Andhra Pradesh,Narasaraopeta
TY87,Shyam Cinema,Reliance Retail,Reliance,North,Rajasthan,Churu
TY88,SMT KN Ballari CSI Infantry Ro,Reliance Retail,Reliance,South,Karnataka,Ballari
TZ03,SMT KN Raichur INOK Siya Talab,Reliance Retail,Reliance,South,Karnataka,Raichur
TZ8R,Jogiwala,Reliance Retail,Reliance,North,Uttarakhand,Dehradun
TZL5,P&M MALL,Reliance Retail,Reliance,East,Bihar,Chapra
TZUM,kings Palace,Reliance Retail,Reliance,South,Telangana,Hyderabad
TZZQ,Chhatarpur,Reliance Retail,Reliance,North,Madhya Pradesh,Chhatarpur
