Month,Chain,Brand,Brand_NSV_Lakh,Chain_Total_Lakh,Brand_TOT_Percent
2026-04,ABRL,Mamaearth,1.63,1.63,100.0
2026-04,ABRL -MORE,ME,5.72,8.71,65.68
2026-04,ABRL -MORE,TDC,2.31,8.71,26.5
2026-04,ABRL -MORE,AQ,0.68,8.71,7.82
2026-04,APOLLO,Mamaearth,25.5,30.86,82.62
2026-04,APOLLO,The Derma Co.,5.36,30.86,17.38
2026-04,APOLLO HEALTHCO LIMITED,ME,5.85,10.29,56.88
2026-04,APOLLO HEALTHCO LIMITED,TDC,4.44,10.29,43.12
2026-04,ARAMBAGH FOOD MART,ME,3.02,3.18,94.91
2026-04,ARAMBAGH FOOD MART,TDC,0.16,3.18,5.09
2026-04,Airplaza,ME,20.54,20.54,100.0
2026-04,Apna Mart,ME,1.68,2.28,73.91
2026-04,Apna Mart,TDC,0.59,2.28,26.09
2026-04,Apollo,The Derma Co.,41.4,82.97,49.89
2026-04,Apollo,Mamaearth,38.98,82.97,46.98
2026-04,Apollo,Unmapped,1.74,82.97,2.1
2026-04,Apollo,BBLUNT,0.51,82.97,0.62
2026-04,Apollo,TDC,0.23,82.97,0.28
2026-04,Apollo,ME,0.11,82.97,0.13
2026-04,B&N,The Derma Co.,0.41,1.01,40.91
2026-04,B&N,BBLUNT,0.32,1.01,32.14
2026-04,B&N,Mamaearth,0.16,1.01,16.15
2026-04,B&N,Aqualogica,0.11,1.01,10.8
2026-04,BIG RASHAN BAZAR UNIT,MamaEarth,0.16,0.19,84.61
2026-04,BIG RASHAN BAZAR UNIT,Aqualogica,0.02,0.19,11.23
2026-04,BIG RASHAN BAZAR UNIT,The Derma Co,0.01,0.19,4.16
2026-04,Baniya Ki Dukaan,MamaEarth,11.37,15.71,72.39
2026-04,Baniya Ki Dukaan,The Derma Co,3.62,15.71,23.04
2026-04,Baniya Ki Dukaan,Aqualogica,0.72,15.71,4.57
2026-04,Beaute&Nutrie,The Derma Co.,0.36,0.9,39.66
2026-04,Beaute&Nutrie,Bblunt,0.31,0.9,34.59
2026-04,Beaute&Nutrie,Aqualogica,0.13,0.9,14.11
2026-04,Beaute&Nutrie,Mamaearth,0.11,0.9,11.63
2026-04,Cash Retail Party,Aqualogica,0.01,0.01,100.0
2026-04,D-MART,Mamaearth,51.36,77.68,66.12
2026-04,D-MART,The Derma Co.,26.32,77.68,33.88
2026-04,D-Mart,Unmapped,21.52,21.52,100.0
2026-04,Dmart,Mamaearth,101.67,139.31,72.98
2026-04,Dmart,The Derma Co.,37.64,139.31,27.02
2026-04,Fleet Labs,ME,1.21,1.21,100.0
2026-04,Frank Rose,Mamaearth,0.09,0.09,100.0
2026-04,Frank Ross,ME,6.7,13.08,51.19
2026-04,Frank Ross,TDC,6.25,13.08,47.76
2026-04,Frank Ross,AQ,0.14,13.08,1.05
2026-04,Garg Dastak,MamaEarth,0.16,0.18,89.3
2026-04,Garg Dastak,The Derma Co,0.02,0.18,10.7
2026-04,H&G,The Derma Co.,9.16,18.86,48.55
2026-04,H&G,Mamaearth,3.63,18.86,19.25
2026-04,H&G,BBLUNT,3.02,18.86,16.01
2026-04,H&G,Aqualogica,1.43,18.86,7.56
2026-04,H&G,TDC,0.68,18.86,3.6
2026-04,H&G,Dr. Sheth's,0.36,18.86,1.9
2026-04,H&G,ME,0.27,18.86,1.41
2026-04,H&G,BB,0.23,18.86,1.2
2026-04,H&G,AQ,0.1,18.86,0.51
2026-04,Health & Glow,The Derma Co.,6.72,12.27,54.77
2026-04,Health & Glow,Mamaearth,2.53,12.27,20.61
2026-04,Health & Glow,Bblunt,1.69,12.27,13.74
2026-04,Health & Glow,Aqualogica,0.99,12.27,8.03
2026-04,Health & Glow,DR Sheths,0.35,12.27,2.85
2026-04,KIA Bazaar,MamaEarth,1.27,1.69,75.47
2026-04,KIA Bazaar,The Derma Co,0.36,1.69,21.46
2026-04,KIA Bazaar,Aqualogica,0.05,1.69,3.07
2026-04,KVSM,MamaEarth,0.45,0.47,96.1
2026-04,KVSM,The Derma Co,0.02,0.47,3.9
2026-04,Kondli Bazaar,MamaEarth,0.05,0.05,100.0
2026-04,Lulu,Mamaearth,47.2,97.06,48.63
2026-04,Lulu,The Derma Co.,43.61,97.06,44.93
2026-04,Lulu,Aqualogica,6.25,97.06,6.44
2026-04,MORE,The Derma Co,5.16,10.27,50.26
2026-04,MORE,MamaEarth,4.4,10.27,42.84
2026-04,MORE,Aqualogica,0.71,10.27,6.89
2026-04,MRL,Mamaearth,9.2,17.14,53.68
2026-04,MRL,The Derma Co.,6.62,17.14,38.6
2026-04,MRL,Aqualogica,1.32,17.14,7.72
2026-04,Maa Durga,MamaEarth,1.96,1.96,100.0
2026-04,Manish Agencies,MamaEarth,0.51,0.59,86.74
2026-04,Manish Agencies,The Derma Co,0.08,0.59,13.26
2026-04,Max Bazaar,MamaEarth,0.58,0.9,64.46
2026-04,Max Bazaar,The Derma Co,0.28,0.9,31.07
2026-04,Max Bazaar,Aqualogica,0.04,0.9,4.47
2026-04,Max Hyper,Mamaearth,0.38,0.38,100.0
2026-04,Modern Bazaar,MamaEarth,0.24,0.33,73.37
2026-04,Modern Bazaar,The Derma Co,0.09,0.33,26.63
2026-04,Modern Bazaar,Aqualogica,0.0,0.33,0.0
2026-04,Modern Bazaar,BBlunt,0.0,0.33,0.0
2026-04,More Reatil,Mamaearth,4.42,9.01,49.07
2026-04,More Reatil,The Derma Co.,3.79,9.01,42.06
2026-04,More Reatil,Aqualogica,0.8,9.01,8.86
2026-04,National Mart,Mamaearth,2.22,2.22,100.0
2026-04,Needs,MamaEarth,0.33,0.33,100.0
2026-04,RELIANCE,Mamaearth,43.84,48.18,90.98
2026-04,RELIANCE,The Derma Co.,2.91,48.18,6.04
2026-04,RELIANCE,Aqualogica,1.43,48.18,2.97
2026-04,Rajmandir,MamaEarth,24.59,31.58,77.86
2026-04,Rajmandir,The Derma Co,6.07,31.58,19.23
2026-04,Rajmandir,Aqualogica,0.92,31.58,2.91
2026-04,Ratnadeep,Mamaearth,3.03,3.03,100.0
2026-04,Reliance,ME,21.14,21.14,100.0
2026-04,Sasta Sundar,ME,1.3,1.3,100.0
2026-04,Smart Look,Dr. Sheth's,0.11,0.11,100.0
2026-04,Sodhi Supermart,MamaEarth,3.18,3.63,87.59
2026-04,Sodhi Supermart,The Derma Co,0.39,3.63,10.8
2026-04,Sodhi Supermart,Aqualogica,0.06,3.63,1.61
2026-04,Spencers,ME,4.98,6.01,82.88
2026-04,Spencers,TDC,0.81,6.01,13.49
2026-04,Spencers,AQ,0.22,6.01,3.64
2026-04,Sumo Save,ME,2.56,2.56,100.0
2026-04,Trilife,BBLUNT,0.06,0.16,35.77
2026-04,Trilife,Mamaearth,0.05,0.16,32.26
2026-04,Trilife,The Derma Co.,0.04,0.16,25.07
2026-04,Trilife,Aqualogica,0.01,0.16,6.9
2026-04,Unmapped,Unmapped,552.08,554.43,99.58
2026-04,Unmapped,ME,2.35,554.43,0.42
2026-04,VMM,ME,8.02,11.53,69.56
2026-04,VMM,MamaEarth,3.43,11.53,29.78
2026-04,VMM,The Derma Co,0.06,11.53,0.55
2026-04,VMM,Aqualogica,0.01,11.53,0.11
2026-04,Vishal Mega Mart,Mamaearth,10.9,10.9,100.0
2026-05,ABRL,Mamaearth,2.76,2.76,100.0
2026-05,APOLLO,Mamaearth,24.62,28.51,86.37
2026-05,APOLLO,The Derma Co.,3.89,28.51,13.63
2026-05,ARAMBAGH FOOD MART,ME,3.52,3.73,94.4
2026-05,ARAMBAGH FOOD MART,TDC,0.21,3.73,5.6
2026-05,Airplaza,ME,4.66,4.66,100.0
2026-05,Apollo,Mamaearth,36.45,83.28,43.77
2026-05,Apollo,The Derma Co,19.97,83.28,23.99
2026-05,Apollo,ME,9.97,83.28,11.98
2026-05,Apollo,The Derma Co.,9.71,83.28,11.66
2026-05,Apollo,TDC,6.32,83.28,7.59
2026-05,Apollo,MamaEarth,0.42,83.28,0.51
2026-05,Apollo,Unmapped,0.42,83.28,0.51
2026-05,B&N,The Derma Co,0.12,0.24,52.17
2026-05,B&N,Bblunt,0.06,0.24,24.72
2026-05,B&N,Aqualogica,0.04,0.24,14.9
2026-05,B&N,Mamaearth,0.02,0.24,8.21
2026-05,Baniya Ki Dukaan,MamaEarth,7.16,9.3,77.08
2026-05,Baniya Ki Dukaan,The Derma Co,1.91,9.3,20.57
2026-05,Baniya Ki Dukaan,Aqualogica,0.22,9.3,2.35
2026-05,Beaute & Nutrie,The Derma Co.,0.62,1.32,47.06
2026-05,Beaute & Nutrie,Bblunt,0.44,1.32,33.47
2026-05,Beaute & Nutrie,Mamaearth,0.15,1.32,11.06
2026-05,Beaute & Nutrie,Aqualogica,0.11,1.32,8.41
2026-05,D-Mart,Unmapped,27.34,27.34,100.0
2026-05,DMART,Mamaearth,41.72,57.83,72.14
2026-05,DMART,The Derma Co.,12.19,57.83,21.07
2026-05,DMART,Aqualogica,3.93,57.83,6.79
2026-05,DMart,ME,0.44,0.82,53.6
2026-05,DMart,TDC,0.38,0.82,46.4
2026-05,Frank Rose,Mamaearth,0.06,0.06,100.0
2026-05,Frank Ross,ME,3.93,5.9,66.61
2026-05,Frank Ross,TDC,1.97,5.9,33.39
2026-05,Garg Dastak,MamaEarth,0.2,0.22,89.6
2026-05,Garg Dastak,The Derma Co,0.02,0.22,10.4
2026-05,H&G,The Derma Co,5.44,12.33,44.13
2026-05,H&G,Mamaearth,2.39,12.33,19.36
2026-05,H&G,Bblunt,1.79,12.33,14.48
2026-05,H&G,The Derma Co.,1.67,12.33,13.57
2026-05,H&G,Aqualogica,0.71,12.33,5.77
2026-05,H&G,DRS,0.18,12.33,1.42
2026-05,H&G,BBLUNT,0.16,12.33,1.27
2026-05,Health & Glow,The Derma Co.,4.73,8.35,56.63
2026-05,Health & Glow,Mamaearth,1.44,8.35,17.26
2026-05,Health & Glow,Bblunt,1.05,8.35,12.53
2026-05,Health & Glow,Aqualogica,0.7,8.35,8.36
2026-05,Health & Glow,Dr. Sheths,0.44,8.35,5.22
2026-05,KIA Bazaar,MamaEarth,1.29,1.67,77.13
2026-05,KIA Bazaar,The Derma Co,0.36,1.67,21.33
2026-05,KIA Bazaar,Aqualogica,0.03,1.67,1.54
2026-05,KVSM,MamaEarth,0.02,0.02,100.0
2026-05,Kondli Bazaar,MamaEarth,0.24,0.24,100.0
2026-05,Lulu,Mamaearth,13.99,28.1,49.78
2026-05,Lulu,The Derma Co.,8.99,28.1,31.98
2026-05,Lulu,The Derma Co,3.63,28.1,12.94
2026-05,Lulu,Aqualogica,1.49,28.1,5.3
2026-05,MORE,The Derma Co,3.32,6.58,50.47
2026-05,MORE,MamaEarth,3.02,6.58,45.89
2026-05,MORE,Aqualogica,0.24,6.58,3.64
2026-05,MRL,Mamaearth,5.98,11.67,51.25
2026-05,MRL,The Derma Co.,4.78,11.67,40.93
2026-05,MRL,Aqualogica,0.91,11.67,7.82
2026-05,Manish Agencies,MamaEarth,0.44,0.62,70.45
2026-05,Manish Agencies,The Derma Co,0.18,0.62,29.55
2026-05,Max Bazaar,MamaEarth,0.74,1.08,68.47
2026-05,Max Bazaar,The Derma Co,0.32,1.08,29.5
2026-05,Max Bazaar,Aqualogica,0.02,1.08,2.04
2026-05,Medanta,MamaEarth,0.19,0.2,94.01
2026-05,Medanta,The Derma Co,0.01,0.2,5.99
2026-05,More,ME,8.41,12.02,69.96
2026-05,More,TDC,2.85,12.02,23.71
2026-05,More,AQ,0.76,12.02,6.33
2026-05,More Retail,Mamaearth,9.91,13.7,72.37
2026-05,More Retail,The Derma Co,3.33,13.7,24.3
2026-05,More Retail,Aqualogica,0.46,13.7,3.33
2026-05,National Mart,Mamaearth,2.4,2.4,100.0
2026-05,Needs,MamaEarth,0.39,0.39,97.66
2026-05,Needs,The Derma Co,0.01,0.39,2.34
2026-05,Other,ME,0.29,0.29,100.0
2026-05,RRL,Mamaearth,27.57,40.61,67.89
2026-05,RRL,The Derma Co.,12.29,40.61,30.25
2026-05,RRL,Aqualogica,0.76,40.61,1.86
2026-05,Rajmandir,MamaEarth,20.92,25.54,81.9
2026-05,Rajmandir,The Derma Co,4.08,25.54,15.96
2026-05,Rajmandir,Aqualogica,0.55,25.54,2.14
2026-05,Ratnadeep,Mamaearth,2.49,2.49,100.0
2026-05,Reliance,ME,28.15,28.65,98.24
2026-05,Reliance,TDC,0.5,28.65,1.76
2026-05,Sasta Sundar,ME,1.07,1.07,100.0
2026-05,Sodhi Supermart,MamaEarth,3.11,3.82,81.25
2026-05,Sodhi Supermart,The Derma Co,0.56,3.82,14.72
2026-05,Sodhi Supermart,Aqualogica,0.15,3.82,4.04
2026-05,Spencers,ME,4.32,4.57,94.6
2026-05,Spencers,TDC,0.25,4.57,5.4
2026-05,Sumo Save,ME,1.06,1.06,100.0
2026-05,Trilife,Bblunt,0.17,0.49,34.87
2026-05,Trilife,The Derma Co,0.16,0.49,32.72
2026-05,Trilife,Aqualogica,0.08,0.49,16.88
2026-05,Trilife,Mamaearth,0.08,0.49,15.54
2026-05,Unmapped,Unmapped,402.19,402.19,100.0
2026-05,VISHAL,Mamaearth,0.05,0.05,100.0
2026-05,VMM,ME,1.49,2.83,52.58
2026-05,VMM,MamaEarth,1.34,2.83,47.42
2026-06,APOLLO,Mamaearth,25.52,65.24,39.11
2026-06,APOLLO,MAMAEARTH,19.51,65.24,29.9
2026-06,APOLLO,THE DERMA CO.,6.41,65.24,9.83
2026-06,APOLLO,ME,6.15,65.24,9.42
2026-06,APOLLO,TDC,4.58,65.24,7.02
2026-06,APOLLO,The Derma Co.,2.65,65.24,4.06
2026-06,APOLLO,AQUALOGICA,0.43,65.24,0.66
2026-06,ARAMBAGH,ME,3.59,4.15,86.36
2026-06,ARAMBAGH,TDC,0.57,4.15,13.64
2026-06,Airplaza,ME,4.64,4.64,100.0
2026-06,Apollo,Mamaearth,23.74,43.69,54.34
2026-06,Apollo,The Derma Co.,18.79,43.69,43.01
2026-06,Apollo,MamaEarth,0.49,43.69,1.13
2026-06,Apollo,Unmapped,0.44,43.69,1.0
2026-06,Apollo,ME,0.21,43.69,0.49
2026-06,Apollo,BBLUNT,0.01,43.69,0.03
2026-06,Baniya Ki Dukaan,MamaEarth,6.02,8.63,69.85
2026-06,Baniya Ki Dukaan,The Derma Co,2.13,8.63,24.74
2026-06,Baniya Ki Dukaan,Aqualogica,0.47,8.63,5.41
2026-06,Beaute&nutrie,THE DERMA CO.,0.26,0.63,41.23
2026-06,Beaute&nutrie,BBLUNT,0.21,0.63,33.71
2026-06,Beaute&nutrie,AQUALOGICA,0.08,0.63,13.17
2026-06,Beaute&nutrie,MAMAEARTH,0.08,0.63,11.89
2026-06,Big Rashan Bazaar,MamaEarth,0.22,0.22,100.0
2026-06,Cash Retail Party,Aqualogica,0.0,0.01,68.69
2026-06,Cash Retail Party,MamaEarth,0.0,0.01,31.31
2026-06,D-Mart,Unmapped,21.77,21.77,100.0
2026-06,DMART,Mamaearth,81.01,99.3,81.59
2026-06,DMART,The Derma Co.,18.28,99.3,18.41
2026-06,DMart,ME,1.06,1.06,100.0
2026-06,Dmart,Mamaearth,97.03,132.6,73.17
2026-06,Dmart,The Derma Co.,35.58,132.6,26.83
2026-06,FRANK ROSS,TDC,2.5,4.17,59.91
2026-06,FRANK ROSS,ME,1.6,4.17,38.45
2026-06,FRANK ROSS,AQ,0.07,4.17,1.64
2026-06,Frank rose,Mamaearth,2.71,4.6,58.98
2026-06,Frank rose,The Derma Co.,1.89,4.6,41.02
2026-06,Garg Dastak,MamaEarth,0.07,0.1,74.25
2026-06,Garg Dastak,The Derma Co,0.03,0.1,25.75
2026-06,H&G,The Derma Co.,9.34,14.34,65.1
2026-06,H&G,Mamaearth,2.19,14.34,15.29
2026-06,H&G,BBLUNT,1.9,14.34,13.26
2026-06,H&G,Aqualogica,0.84,14.34,5.85
2026-06,H&G,Dr. Sheth's,0.07,14.34,0.5
2026-06,HG,The Derma Co.,2.06,2.65,77.93
2026-06,HG,Mamaearth,0.35,2.65,13.11
2026-06,HG,Aqualogica,0.14,2.65,5.12
2026-06,HG,BBLUNT,0.1,2.65,3.84
2026-06,Health & Glow,THE DERMA CO.,7.28,11.6,62.78
2026-06,Health & Glow,MAMAEARTH,2.29,11.6,19.71
2026-06,Health & Glow,BBLUNT,0.9,11.6,7.8
2026-06,Health & Glow,AQUALOGICA,0.9,11.6,7.76
2026-06,Health & Glow,DR. SHETH's,0.23,11.6,1.95
2026-06,KIA Bazaar,MamaEarth,1.19,1.55,76.98
2026-06,KIA Bazaar,The Derma Co,0.29,1.55,18.67
2026-06,KIA Bazaar,Aqualogica,0.07,1.55,4.36
2026-06,KVSM,MamaEarth,0.18,0.18,100.0
2026-06,Kondli Bazaar,MamaEarth,0.17,0.17,100.0
2026-06,LULU,MAMAEARTH,8.04,14.0,57.45
2026-06,LULU,THE DERMA CO.,5.49,14.0,39.25
2026-06,LULU,AQUALOGICA,0.46,14.0,3.3
2026-06,Lulu Hyper,Mamaearth,45.61,89.17,51.15
2026-06,Lulu Hyper,The Derma Co.,38.91,89.17,43.64
2026-06,Lulu Hyper,Aqualogica,4.65,89.17,5.21
2026-06,MORE,ME,4.18,8.56,48.8
2026-06,MORE,TDC,2.24,8.56,26.13
2026-06,MORE,Mamaearth,1.86,8.56,21.74
2026-06,MORE,AQ,0.29,8.56,3.33
2026-06,Manish Agencies,MamaEarth,0.51,0.58,88.45
2026-06,Manish Agencies,The Derma Co,0.07,0.58,11.55
2026-06,Max Bazaar,MamaEarth,0.86,1.08,79.32
2026-06,Max Bazaar,The Derma Co,0.22,1.08,20.68
2026-06,Max Hyper,Mamaearth,2.06,2.06,100.0
2026-06,Modern Bazaar,Aqualogica,0.0,0.0,
2026-06,Modern Bazaar,BBlunt,0.0,0.0,
2026-06,Modern Bazaar,MamaEarth,0.0,0.0,
2026-06,Modern Bazaar,The Derma Co,0.0,0.0,
2026-06,More,MamaEarth,5.33,8.5,62.68
2026-06,More,The Derma Co,2.94,8.5,34.55
2026-06,More,Aqualogica,0.24,8.5,2.78
2026-06,More Retail,Mamaearth,5.39,8.53,63.2
2026-06,More Retail,The Derma Co.,2.68,8.53,31.45
2026-06,More Retail,Aqualogica,0.46,8.53,5.35
2026-06,More Retail Limited,MAMAEARTH,5.74,9.36,61.37
2026-06,More Retail Limited,THE DERMA CO.,3.06,9.36,32.71
2026-06,More Retail Limited,AQUALOGICA,0.55,9.36,5.92
2026-06,NATIONAL MART,MAMAEARTH,3.94,3.94,100.0
2026-06,Needs,The Derma Co,0.09,0.16,53.71
2026-06,Needs,MamaEarth,0.08,0.16,46.29
2026-06,Needs,Aqualogica,0.0,0.16,0.0
2026-06,RELIANCE,Mamaearth,29.99,32.32,92.8
2026-06,RELIANCE,The Derma Co.,1.17,32.32,3.63
2026-06,RELIANCE,Aqualogica,1.16,32.32,3.58
2026-06,Rajmandir,MamaEarth,19.54,22.95,85.16
2026-06,Rajmandir,The Derma Co,2.86,22.95,12.48
2026-06,Rajmandir,Aqualogica,0.54,22.95,2.36
2026-06,Ratnadeep,MAMAEARTH,2.7,2.7,100.0
2026-06,Reliance,ME,20.91,27.45,76.16
2026-06,Reliance,TDC,6.54,27.45,23.84
2026-06,SASTA SUNDAR,ME,1.09,1.09,100.0
2026-06,SPENCERS,ME,9.35,10.09,92.66
2026-06,SPENCERS,TDC,0.74,10.09,7.34
2026-06,SUMO SAVE,ME,1.27,1.27,100.0
2026-06,Sodhi Supermart,MamaEarth,3.38,4.05,83.42
2026-06,Sodhi Supermart,The Derma Co,0.52,4.05,12.85
2026-06,Sodhi Supermart,Aqualogica,0.15,4.05,3.73
2026-06,Trilife,The Derma Co.,0.05,0.09,60.52
2026-06,Trilife,BBLUNT,0.02,0.09,24.58
2026-06,Trilife,Aqualogica,0.01,0.09,9.07
2026-06,Trilife,Mamaearth,0.01,0.09,5.83
2026-06,Unmapped,Unmapped,249.58,514.59,48.5
2026-06,Unmapped,MamaEarth,130.37,514.59,25.33
2026-06,Unmapped,The Derma Co,75.98,514.59,14.76
2026-06,Unmapped,ME,50.35,514.59,9.78
2026-06,Unmapped,Mamaearth,6.44,514.59,1.25
2026-06,Unmapped,Aqualogica,1.41,514.59,0.27
2026-06,Unmapped,The Derma Co.,0.47,514.59,0.09
2026-06,VMM,ME,19.44,25.7,75.65
2026-06,VMM,MamaEarth,6.26,25.7,24.35
2026-06,Vishal Mega Mart,Mamaearth,6.23,6.23,100.0
2026-07,Airplaza,Mamaearth,27.53,27.53,100.0
2026-07,Apollo,Mamaearth,48.68,74.66,65.2
2026-07,Apollo,The Derma Co,25.75,74.66,34.49
2026-07,Apollo,Bblunt,0.13,74.66,0.17
2026-07,Apollo,Aqualogica,0.1,74.66,0.14
2026-07,Arambagh,Mamaearth,4.89,6.24,78.49
2026-07,Arambagh,The Derma Co,1.34,6.24,21.51
2026-07,Chain,Brand,0.0,0.0,
2026-07,Dmart,Mamaearth,346.7,546.14,63.48
2026-07,Dmart,The Derma Co,188.04,546.14,34.43
2026-07,Dmart,Unmapped,11.36,546.14,2.08
2026-07,Dmart,Aqualogica,0.02,546.14,0.0
2026-07,Dmart,Bblunt,0.02,546.14,0.0
2026-07,Frank Ross,The Derma Co,3.62,6.45,56.16
2026-07,Frank Ross,Mamaearth,2.83,6.45,43.84
2026-07,H&G,The Derma Co,7.78,14.96,52.01
2026-07,H&G,Mamaearth,3.83,14.96,25.62
2026-07,H&G,Bblunt,2.43,14.96,16.25
2026-07,H&G,Aqualogica,0.83,14.96,5.52
2026-07,H&G,Dr Sheth's,0.09,14.96,0.61
2026-07,Lulu Hyper,The Derma Co,43.02,84.78,50.75
2026-07,Lulu Hyper,Mamaearth,38.82,84.78,45.79
2026-07,Lulu Hyper,Aqualogica,2.94,84.78,3.46
2026-07,More Retail,Mamaearth,12.5,15.76,79.32
2026-07,More Retail,The Derma Co,2.61,15.76,16.58
2026-07,More Retail,Aqualogica,0.65,15.76,4.1
2026-07,RRL,Mamaearth,0.63,0.63,100.0
2026-07,Reliance Retail,Mamaearth,63.78,125.79,50.7
2026-07,Reliance Retail,The Derma Co,61.37,125.79,48.78
2026-07,Reliance Retail,Aqualogica,0.65,125.79,0.51
2026-07,Sasta Sundar,Mamaearth,1.23,1.23,100.0
2026-07,Spencer,Mamaearth,5.12,5.52,92.67
2026-07,Spencer,The Derma Co,0.4,5.52,7.33
2026-07,Sumo Save,Mamaearth,3.67,3.67,100.0
2026-07,VMM,Mamaearth,9.65,9.65,100.0
2026-07,Vmart,Mamaearth,3.86,4.05,95.36
2026-07,Vmart,The Derma Co,0.19,4.05,4.64
