Distributor,Chain,2026-04,2026-05,2026-06,2026-07
ABV Enterprises,BIG RASHAN BAZAR UNIT,2.32,,,
ABV Enterprises,Big Rashan Bazaar,,,2.87,
ABV Enterprises,KIA Bazaar,0.08,,,
ABV Enterprises,Max Bazaar,23.34,27.86,29.1,
ABV Enterprises,Rajmandir,74.26,72.14,68.03,
AZ Enterprises,Apollo,35.47,51.38,40.79,
AZ Enterprises,B&N,0.99,0.31,,
AZ Enterprises,Frank Rose,0.09,0.08,,
AZ Enterprises,Frank rose,,,5.88,
AZ Enterprises,H&G,14.94,12.9,18.34,
AZ Enterprises,Lulu,28.25,16.84,,
AZ Enterprises,Lulu Hyper,,,13.38,
AZ Enterprises,Max Hyper,0.37,,2.63,
AZ Enterprises,More Reatil,8.87,,,
AZ Enterprises,More Retail,,17.86,10.9,
AZ Enterprises,Smart Look,0.11,,,
AZ Enterprises,Trilife,0.16,0.64,0.11,
AZ Enterprises,Vishal Mega Mart,10.73,,7.97,
AZ Enterprises(Apollo/More)Mt,Apollo,,,,28.89
AZ Enterprises(Apollo/More)Mt,H&G,,,,16.42
AZ Enterprises(Apollo/More)Mt,Lulu Hyper,,,,38.85
AZ Enterprises(Apollo/More)Mt,More Retail,,,,8.0
AZ Enterprises(Apollo/More)Mt,Dmart,,,,0.49
AZ Enterprises(Apollo/More)Mt,Frank Ross,,,,0.48
AZ Enterprises(Apollo/More)Mt,VMM,,,,6.88
Anav Sales,Garg Dastak,3.99,4.97,2.16,
Anav Sales,KVSM,10.13,0.48,4.01,
Anav Sales,Needs,7.2,8.85,3.61,
Anav Sales,Sodhi Supermart,78.67,85.7,90.22,
Balaji,Apollo,1.05,14.3,,
Balaji,VMM,,,38.38,
Balaji,Airplaza,33.92,7.99,,
Balaji,Other,,0.79,,
Balaji,Reliance,65.04,76.93,61.62,
Balaji Associate,Airplaza,,,,26.41
Balaji Associate,Reliance Retail,,,,73.59
DL Sales,Apollo,,26.73,,
DL Sales,H&G,2.37,,,
DL Sales,Frank Ross,24.51,14.55,,
DL Sales,VMM,8.82,,5.5,
DL Sales,Airplaza,,3.35,,
DL Sales,ABRL -MORE,16.32,,,
DL Sales,APOLLO,,,26.54,
DL Sales,APOLLO HEALTHCO LIMITED,19.27,,,
DL Sales,ARAMBAGH,,,10.28,
DL Sales,ARAMBAGH FOOD MART,5.96,9.2,,
DL Sales,Apna Mart,4.27,,,
DL Sales,FRANK ROSS,,,10.31,
DL Sales,MORE,,,16.57,
DL Sales,More,,29.64,,
DL Sales,SASTA SUNDAR,,,2.71,
DL Sales,SPENCERS,,,24.97,
DL Sales,SUMO SAVE,,,3.13,
DL Sales,Sasta Sundar,2.44,2.65,,
DL Sales,Spencers,11.25,11.26,,
DL Sales,Sumo Save,4.8,2.62,,
DL Sales,Unmapped,0.0,,,
DL sales,Apollo,,,,19.08
DL sales,More Retail,,,,15.27
DL sales,Frank Ross,,,,13.04
DL sales,VMM,,,,7.99
DL sales,Sasta Sundar,,,,2.65
DL sales,Sumo Save,,,,7.91
DL sales,Arambagh,,,,13.43
DL sales,Spencer,,,,11.9
DL sales,Vmart,,,,8.72
GV Enterprises,Apollo,7.63,,6.36,5.78
GV Enterprises,Lulu,6.04,,,
GV Enterprises,Lulu Hyper,,,12.61,15.64
GV Enterprises,Dmart,86.33,,81.02,78.58
JB Traders,Max Bazaar,0.0,0.0,,
JB Traders,Rajmandir,49.3,59.26,54.86,
JB Traders,Baniya Ki Dukaan,48.85,38.2,42.27,
JB Traders,Cash Retail Party,0.02,,0.03,
JB Traders,Manish Agencies,1.83,2.54,2.85,
JB Traders,Modern Bazaar,,,0.0,
JB Traders North,KIA Bazaar,0.0,,,
JB Traders North,Rajmandir,100.0,100.0,100.0,
Just Mark,Dmart,,,,100.0
Just Mark,Unmapped,,,100.0,
KOTTARAM BUSINESS CORPORATION,Lulu Hyper,,,,100.0
Kiran Trading,Unmapped,100.0,100.0,100.0,
Kiran Trading Co.,Dmart,,,,100.0
Kottaram,Lulu,100.0,,,
Kottaram,Lulu Hyper,,,100.0,
Leo Enterprises,BIG RASHAN BAZAR UNIT,100.0,,,
M/S RISHABH MARKETING,Kondli Bazaar,100.0,100.0,100.0,
Mark Enterprises,Apollo,,,,100.0
Mark Enterprises,Unmapped,,,100.0,
Pragati Sales,Apollo,3.12,1.52,1.97,
Pragati Sales,D-Mart,96.88,98.48,98.03,
Real time logistics,Airplaza,,,,100.0
RealTime,Airplaza,100.0,100.0,100.0,
SHREE BALAJI MARKETING,Big Rashan Bazaar,,,100.0,
SHREE BALAJI MARKETING,Rajmandir,,100.0,,
SVDA,H&G,1.5,1.85,,
SVDA,APOLLO,19.2,21.56,17.14,
SVDA,MORE,,,1.13,
SVDA,ABRL,1.01,2.08,,
SVDA,D-MART,48.32,,,
SVDA,DMART,,43.74,60.44,
SVDA,HG,,,1.61,
SVDA,RELIANCE,29.97,,19.67,
SVDA,RRL,,30.72,,
SVDA,VISHAL,,0.04,,
Sai Saachi,VMM,58.5,64.54,10.38,
Sai Saachi,Unmapped,41.5,,,
Sai Saachi,DMart,,35.46,89.62,
Sancus Networks Pvt Ltd.,KIA Bazaar,8.25,13.65,8.41,
Sancus Networks Pvt Ltd.,Rajmandir,13.12,19.92,11.61,
Sancus Networks Pvt Ltd.,VMM,17.17,10.96,33.92,
Sancus Networks Pvt Ltd.,MORE,50.24,53.83,,
Sancus Networks Pvt Ltd.,More,,,46.07,
Sancus Networks Pvt Ltd.,Modern Bazaar,1.62,,,
Sancus Networks Pvt Ltd.,Maa Durga,9.6,,,
Sancus Networks Pvt Ltd.,Medanta,,1.64,,
Smriti Enterprises,Rajmandir,100.0,100.0,100.0,
Smriti Enterprises,Modern Bazaar,0.0,,0.0,
Sri Vijaya Durga Agencies_Mt,Apollo,,,,15.12
Sri Vijaya Durga Agencies_Mt,H&G,,,,0.77
Sri Vijaya Durga Agencies_Mt,More Retail,,,,1.1
Sri Vijaya Durga Agencies_Mt,Dmart,,,,46.94
Sri Vijaya Durga Agencies_Mt,VMM,,,,0.15
Sri Vijaya Durga Agencies_Mt,Reliance Retail,,,,35.59
Sri Vijaya Durga Agencies_Mt,RRL,,,,0.33
Srijan,Fleet Labs,100.0,,,
United Marketing,Apollo,100.0,100.0,100.0,100.0
VA,Apollo,41.58,38.7,,
VA,Lulu,12.96,22.48,,
VA,APOLLO,,,38.42,
VA,Beaute & Nutrie,,1.95,,
VA,Beaute&Nutrie,1.15,,,
VA,Beaute&nutrie,,,0.92,
VA,Health & Glow,15.68,12.35,16.91,
VA,LULU,,,20.41,
VA,MRL,21.9,17.28,,
VA,More Retail Limited,,,13.64,
VA,NATIONAL MART,,,5.75,
VA,National Mart,2.84,3.55,,
VA,Ratnadeep,3.88,3.69,3.94,
