Store Code,Chain Name,Status,Zone,City Category,Store Type,State
1100065,Wellness Forever,Active,West,Tier 1,Pharmacy,Maharashtra
1100298,Az Enterprises-H&G,Active,South-1,Tier 1,Supermarket,Karnataka
1100423,Metro-CNC-RRL,Active,North,Tier 1,Supermarket,Delhi
1100424,Metro-CNC-RRL,Active,South-1,Tier 1,Supermarket,Karnataka
1100425,Metro-CNC-RRL,Active,South-1,Tier 1,Supermarket,Karnataka
1100426,Metro-CNC-RRL,Active,South-2,Tier 1,Supermarket,Telangana
1100427,Metro-CNC-RRL,Active,South-2,Tier 1,Supermarket,Telangana
1100428,Metro-CNC-RRL,Active,South-2,Tier 1,Supermarket,Telangana
1100429,Metro-CNC-RRL,Active,South-2,Tier 2,Supermarket,Andhra Pradesh
1100430,Metro-CNC-RRL,Active,West,Tier 1,Supermarket,Maharashtra
1100431,Metro-CNC-RRL,Active,North,Tier 2,Supermarket,Punjab
1100432,Metro-CNC-RRL,Active,East,Tier 1,Supermarket,West Bengal
1100439,Travel News Services-Wsmith,Active,East,Tier 1,Supermarket,West Bengal
1100493,Walmart-CNC,Active,North,Tier 2,Supermarket,Punjab
1100494,Walmart-CNC,Active,North,Tier 2,Supermarket,Punjab
1100495,Walmart-CNC,Active,North,Tier 2,Supermarket,Punjab
1100496,Walmart-CNC,Active,Central,Tier 2,Supermarket,Madhya Pradesh
1100497,Walmart-CNC,Active,North,Tier 2,Supermarket,Rajasthan
1100498,Walmart-CNC,Active,Central,Tier 2,Supermarket,Chhattisgarh
1100499,Walmart-CNC,Active,North,Tier 2,Supermarket,Punjab
1100500,Walmart-CNC,Active,North,Tier 2,Supermarket,Jammu & Kashmir
1100501,Walmart-CNC,Active,North,Tier 2,Supermarket,Uttar Pradesh
1100502,Walmart-CNC,Active,North,Tier 2,Supermarket,Uttar Pradesh
1100503,Walmart-CNC,Active,West,Tier 1,Supermarket,Maharashtra
1100504,Walmart-CNC,Active,North,Tier 2,Supermarket,Uttar Pradesh
1100505,Walmart-CNC,Active,Central,Tier 2,Supermarket,Madhya Pradesh
1100507,Walmart-CNC,Active,South-2,Tier 2,Supermarket,Andhra Pradesh
1100509,Walmart-CNC,Active,Central,Tier 2,Supermarket,Madhya Pradesh
1100510,Walmart-CNC,Active,North,Tier 2,Supermarket,Uttar Pradesh
1100538,D-Mart-Offline,Active,West,Tier 1,Hypermarket,Maharashtra
1100607,Walmart-CNC,Active,South-2,Tier 2,Supermarket,Andhra Pradesh
1100610,Walmart-CNC,Active,South-2,Tier 2,Supermarket,Andhra Pradesh
1100618,Reliance Retail,Active,North,Tier 2,Hypermarket,Punjab
1100619,Reliance Retail,Active,East,Tier 2,Hypermarket,Jharkhand
1100624,Reliance Retail,Active,East,Tier 2,Hypermarket,Odisha
1100627,Reliance Retail,Active,West,Tier 1,Hypermarket,Gujarat
1100630,Reliance Retail,Active,West,Tier 1,Hypermarket,Maharashtra
1100632,Metro-CNC-RRL,Active,Central,Tier 2,Supermarket,Madhya Pradesh
1100634,Metro-CNC-RRL,Active,West,Tier 1,Supermarket,Maharashtra
1100635,Metro-CNC-RRL,Active,North,Tier 2,Supermarket,Uttar Pradesh
1100636,Metro-CNC-RRL,Active,North,Tier 2,Supermarket,Rajasthan
1100637,Metro-CNC-RRL,Active,North,Tier 2,Supermarket,Punjab
1100638,Metro-CNC-RRL,Active,North,Tier 2,Supermarket,Punjab
1100639,Metro-CNC-RRL,Active,North,Tier 1,Supermarket,Delhi
1100640,Metro-CNC-RRL,Active,North,Tier 2,Supermarket,Uttar Pradesh
1100641,Metro-CNC-RRL,Active,North,Tier 2,Supermarket,Uttar Pradesh
1100670,Reliance Retail,Active,South-1,Tier 1,Hypermarket,Tamil Nadu
1100674,Reliance Retail,Active,West,Tier 1,Hypermarket,Maharashtra
1100928,Reliance Retail,Active,North,Tier 2,Hypermarket,Punjab
1100929,Reliance Retail,Active,North,Tier 2,Hypermarket,Uttar Pradesh
1100930,Reliance Retail,Active,North,Tier 2,Hypermarket,Haryana
1100945,Trent Hypermarket,Active,South-1,Tier 1,Hypermarket,Karnataka
1100946,Trent Hypermarket,Active,West,Tier 1,Hypermarket,Maharashtra
1100988,D-Mart-Offline,Active,West,Tier 1,Hypermarket,Gujarat
1101007,Metro-CNC-RRL,Active,South-1,Tier 1,Supermarket,Karnataka
1101008,Metro-CNC-RRL,Active,South-1,Tier 1,Supermarket,Karnataka
1101009,Metro-CNC-RRL,Active,South-1,Tier 1,Supermarket,Karnataka
1101011,Metro-CNC-RRL,Active,South-2,Tier 1,Supermarket,Telangana
1101012,Metro-CNC-RRL,Active,South-2,Tier 2,Supermarket,Andhra Pradesh
1101013,Metro-CNC-RRL,Active,South-2,Tier 2,Supermarket,Andhra Pradesh
1101014,Metro-CNC-RRL,Active,West,Tier 1,Supermarket,Maharashtra
1101015,Metro-CNC-RRL,Active,West,Tier 1,Supermarket,Gujarat
1101036,D-Mart-Offline,Active,South-1,Tier 1,Hypermarket,Karnataka
1101073,Metro-CNC-RRL,Active,South-1,Tier 1,Supermarket,Karnataka
1101084,Reliance Retail,Active,West,Tier 1,Hypermarket,Maharashtra
1101085,Reliance Retail,Active,North,Tier 2,Hypermarket,Uttarakhand
1101092,Apollo Healthco,Active,North,Tier 2,Pharmacy,Haryana
1101093,Apollo Healthco,Active,North,Tier 2,Pharmacy,Rajasthan
1101099,Apollo Healthco,Active,West,Tier 1,Pharmacy,Maharashtra
1101158,Az Enterprises-MT,Active,South-1,Tier 1,Supermarket,Karnataka
1101181,Sri Vijaya Durga Agencies,Active,South-2,Tier 2,Supermarket,Andhra Pradesh
1101182,United Marketing,Active,West,Tier 2,Supermarket,Goa
1101191,Travel Retail Services-Relay,Active,South-2,Tier 1,Travel Retail,Telangana
1101211,G.V Enterprises,Active,South-1,Tier 1,Supermarket,Tamil Nadu
1101274,Apollo Healthco,Active,Central,Tier 2,Pharmacy,Chhattisgarh
1101422,Guardian Healthcare-Delhi,Active,North,Tier 1,Pharmacy,Delhi
1101500,Reliance Retail,Active,East,Tier 2,Hypermarket,Bihar
1101535,Mark Enterprise-Apollo,Active,West,Tier 1,Pharmacy,Gujarat
1101542,Reliance Retail,Active,South-2,Tier 1,Hypermarket,Telangana
1101543,Reliance Retail,Active,South-1,Tier 1,Hypermarket,Karnataka
1101548,VISHAL ENTERPRISES-D-Mart,Active,West,Tier 1,Hypermarket,Maharashtra
1101554,Reliance Retail,Active,South-1,Tier 1,Hypermarket,Tamil Nadu
1101621,Reliance Retail,Active,Central,Tier 1,Hypermarket,Maharashtra
1101622,Reliance Retail,Active,North,Tier 2,Hypermarket,Haryana
1101632,Reliance Retail,Active,Central,Tier 2,Hypermarket,Chhattisgarh
1101657,SC BUSINESS COMBINE,Active,East,Tier 2,Supermarket,Assam
1101803,Reliance Retail,Active,East,Tier 2,Hypermarket,Assam
1101841,M/S KOTTARAM BUSINESS,Active,South-1,Tier 2,Supermarket,Kerala
1101911,D-Mart-Offline,Active,North,Tier 2,Hypermarket,Punjab
1101927,D-Mart-Offline,Active,Central,Tier 2,Hypermarket,Madhya Pradesh
1101928,D-Mart-Offline,Active,South-1,Tier 1,Hypermarket,Karnataka
1101954,Reliance Retail,Active,Central,Tier 2,Hypermarket,Madhya Pradesh
1101961,D-Mart-Offline,Active,West,Tier 1,Hypermarket,Maharashtra
1101988,Reliance Retail,Active,East,Tier 1,Hypermarket,West Bengal
1102020,D-Mart-Offline,Active,South-2,Tier 1,Hypermarket,Telangana
1102038,Reliance Retail,Active,North,Tier 2,Hypermarket,Haryana
1102052,Reliance Retail,Active,South-1,Tier 1,Hypermarket,Tamil Nadu
1102112,Reliance Retail,Active,East,Tier 2,Hypermarket,Odisha
1102227,Reliance Retail,Active,West,Tier 1,Hypermarket,Gujarat
1102229,Reliance Retail,Active,West,Tier 1,Hypermarket,Maharashtra
1102230,Reliance Retail,Active,West,Tier 1,Hypermarket,Maharashtra
1102231,Reliance Retail,Active,West,Tier 1,Hypermarket,Maharashtra
1102232,Reliance Retail,Active,West,Tier 1,Hypermarket,Maharashtra
1102233,Reliance Retail,Active,West,Tier 1,Hypermarket,Maharashtra
1102234,Reliance Retail,Active,West,Tier 1,Hypermarket,Gujarat
1102235,Reliance Retail,Active,West,Tier 1,Hypermarket,Gujarat
1102236,Reliance Retail,Active,West,Tier 1,Hypermarket,Gujarat
1102240,Reliance Retail,Active,South-1,Tier 1,Hypermarket,Tamil Nadu
1102263,Reliance Retail,Active,South-1,Tier 1,Hypermarket,Karnataka
1102264,Reliance Retail,Active,East,Tier 2,Hypermarket,Odisha
1102265,Reliance Retail,Active,East,Tier 1,Hypermarket,West Bengal
1102266,Reliance Retail,Active,East,Tier 1,Hypermarket,West Bengal
1102267,Reliance Retail,Active,North,Tier 2,Hypermarket,Haryana
1102268,Reliance Retail,Active,East,Tier 1,Hypermarket,West Bengal
1102269,Reliance Retail,Active,North,Tier 2,Hypermarket,Uttar Pradesh
1102270,Reliance Retail,Active,North,Tier 1,Hypermarket,Delhi
1102271,Reliance Retail,Active,North,Tier 1,Hypermarket,Delhi
1102272,Reliance Retail,Active,North,Tier 1,Hypermarket,Delhi
1102276,Reliance Retail,Active,North,Tier 2,Hypermarket,Haryana
1102277,Reliance Retail,Active,North,Tier 1,Hypermarket,Delhi
1102278,Reliance Retail,Active,North,Tier 2,Hypermarket,Uttar Pradesh
1102346,Reliance Retail,Active,West,Tier 1,Hypermarket,Maharashtra
1102369,Reliance Retail,Active,North,Tier 2,Hypermarket,Uttar Pradesh
1102386,D-Mart-Offline,Active,North,Tier 2,Hypermarket,Rajasthan
1102392,Reliance Retail,Active,West,Tier 1,Hypermarket,Maharashtra
1102406,Apollo Healthco,Active,East,Tier 1,Pharmacy,West Bengal
1102408,Apollo Healthco,Active,South-2,Tier 1,Pharmacy,Telangana
1102409,Apollo Healthco,Active,South-2,Tier 2,Pharmacy,Andhra Pradesh
1102410,Apollo Healthco,Active,South-2,Tier 1,Pharmacy,Telangana
1102411,Apollo Healthco,Active,South-1,Tier 1,Pharmacy,Karnataka
1102412,Apollo Healthco,Active,South-2,Tier 2,Pharmacy,Andhra Pradesh
1102413,Apollo Healthco,Active,South-1,Tier 1,Pharmacy,Tamil Nadu
1102414,Apollo Healthco,Active,South-1,Tier 1,Pharmacy,Karnataka
1102415,Reliance Retail,Active,East,Tier 1,Hypermarket,West Bengal
1102416,Apollo Healthco,Active,South-1,Tier 1,Pharmacy,Tamil Nadu
1102417,Apollo Healthco,Active,West,Tier 2,Pharmacy,Goa
1102419,Apollo Healthco,Active,East,Tier 2,Pharmacy,Odisha
1102421,Reliance Retail,Active,East,Tier 2,Hypermarket,Bihar
1102437,V-Mart Retail,Active,North,Tier 2,Hypermarket,Haryana
1102442,JUST MARK-D-Mart,Active,West,Tier 1,Hypermarket,Gujarat
1102443,Reliance Retail,Active,East,Tier 2,Hypermarket,Jharkhand
1102444,Reliance Retail,Active,East,Tier 2,Hypermarket,Bihar
1102462,Reliance Retail,Active,East,Tier 2,Hypermarket,Jharkhand
1102463,Reliance Retail,Active,East,Tier 2,Hypermarket,Jharkhand
1102464,Reliance Retail,Active,East,Tier 2,Hypermarket,Jharkhand
1102465,Reliance Retail,Active,East,Tier 2,Hypermarket,Odisha
1102466,Reliance Retail,Active,East,Tier 2,Hypermarket,Jharkhand
1102467,Reliance Retail,Active,East,Tier 1,Hypermarket,West Bengal
1102468,Reliance Retail,Active,East,Tier 1,Hypermarket,West Bengal
1102470,Reliance Retail,Active,East,Tier 2,Hypermarket,Bihar
1102471,Reliance Retail,Active,East,Tier 2,Hypermarket,Bihar
1102504,Reliance Retail,Active,West,Tier 1,Hypermarket,Maharashtra
1102505,Reliance Retail,Active,West,Tier 1,Hypermarket,Maharashtra
1102506,Reliance Retail,Active,West,Tier 1,Hypermarket,Maharashtra
1102507,Reliance Retail,Active,East,Tier 1,Hypermarket,West Bengal
1102508,Reliance Retail,Active,East,Tier 2,Hypermarket,Bihar
1102550,Reliance Retail,Active,South-1,Tier 1,Hypermarket,Karnataka
1102574,Reliance Retail,Active,East,Tier 1,Hypermarket,West Bengal
1102631,Reliance Retail,Active,North,Tier 2,Hypermarket,Rajasthan
1102632,Reliance Retail,Active,Central,Tier 2,Hypermarket,Madhya Pradesh
1102633,Reliance Retail,Active,Central,Tier 2,Hypermarket,Madhya Pradesh
1102635,Reliance Retail,Active,Central,Tier 2,Hypermarket,Madhya Pradesh
1102636,Reliance Retail,Active,Central,Tier 2,Hypermarket,Madhya Pradesh
1102637,Reliance Retail,Active,Central,Tier 2,Hypermarket,Madhya Pradesh
1102638,Reliance Retail,Active,Central,Tier 2,Hypermarket,Madhya Pradesh
1102639,Reliance Retail,Active,North,Tier 2,Hypermarket,Uttar Pradesh
1102641,Reliance Retail,Active,North,Tier 2,Hypermarket,Uttarakhand
1102642,Reliance Retail,Active,North,Tier 2,Hypermarket,Uttarakhand
1102643,Reliance Retail,Active,North,Tier 2,Hypermarket,Punjab
1102644,Reliance Retail,Active,North,Tier 2,Hypermarket,Punjab
1102645,Reliance Retail,Active,West,Tier 1,Hypermarket,Maharashtra
1102646,Reliance Retail,Active,West,Tier 1,Hypermarket,Maharashtra
1102647,Reliance Retail,Active,Central,Tier 2,Hypermarket,Chhattisgarh
1102648,Reliance Retail,Active,Central,Tier 2,Hypermarket,Chhattisgarh
1102650,Reliance Retail,Active,Central,Tier 2,Hypermarket,Chhattisgarh
1102651,Reliance Retail,Active,West,Tier 1,Hypermarket,Maharashtra
1102657,Reliance Retail,Active,West,Tier 1,Hypermarket,Maharashtra
1102658,Reliance Retail,Active,West,Tier 1,Hypermarket,Maharashtra
1102660,Reliance Retail,Active,West,Tier 1,Hypermarket,Maharashtra
1102661,Reliance Retail,Active,West,Tier 1,Hypermarket,Maharashtra
1102662,Reliance Retail,Active,West,Tier 1,Hypermarket,Maharashtra
1102663,Reliance Retail,Active,West,Tier 1,Hypermarket,Maharashtra
1102664,Reliance Retail,Active,West,Tier 1,Hypermarket,Maharashtra
1102703,Metro-CNC-RRL,Active,South-1,Tier 1,Supermarket,Karnataka
1102737,Reliance Retail,Active,South-1,Tier 2,Hypermarket,Kerala
1102832,Reliance Retail,Active,South-1,Tier 1,Hypermarket,Karnataka
1102833,Reliance Retail,Active,South-1,Tier 2,Hypermarket,Kerala
1102851,Sancus Networks-MT-Reg.,Active,North,Tier 1,Supermarket,Delhi
1102859,Reliance Retail,Active,Central,Tier 2,Hypermarket,Madhya Pradesh
1102860,Reliance Retail,Active,North,Tier 2,Hypermarket,Uttar Pradesh
1102861,Reliance Retail,Active,North,Tier 2,Hypermarket,Haryana
1102862,Reliance Retail,Active,Central,Tier 2,Hypermarket,Madhya Pradesh
1102863,Reliance Retail,Active,North,Tier 2,Hypermarket,Haryana
1102864,Reliance Retail,Active,North,Tier 1,Hypermarket,Delhi
1102865,Reliance Retail,Active,North,Tier 2,Hypermarket,Uttar Pradesh
1102866,Reliance Retail,Active,North,Tier 2,Hypermarket,Uttar Pradesh
1102867,Reliance Retail,Active,North,Tier 2,Hypermarket,Uttar Pradesh
1102868,Reliance Retail,Active,South-1,Tier 1,Hypermarket,Tamil Nadu
1102869,Reliance Retail,Active,South-1,Tier 1,Hypermarket,Karnataka
1102870,Reliance Retail,Active,South-1,Tier 1,Hypermarket,Tamil Nadu
1102871,Reliance Retail,Active,South-1,Tier 1,Hypermarket,Karnataka
1102872,Reliance Retail,Active,South-1,Tier 1,Hypermarket,Karnataka
1102873,Reliance Retail,Active,South-1,Tier 1,Hypermarket,Karnataka
1102879,D-Mart-Offline,Active,West,Tier 1,Hypermarket,Maharashtra
1102881,D-Mart-Offline,Active,South-2,Tier 1,Hypermarket,Telangana
1102884,D-Mart-Offline,Active,West,Tier 1,Hypermarket,Gujarat
1102885,D-Mart-Offline,Active,West,Tier 1,Hypermarket,Gujarat
1102886,Reliance Retail,Active,East,Tier 2,Hypermarket,Odisha
1102887,Reliance Retail,Active,East,Tier 2,Hypermarket,Jharkhand
1102888,Reliance Retail,Active,East,Tier 2,Hypermarket,Odisha
1102889,Reliance Retail,Active,East,Tier 2,Hypermarket,Odisha
1102890,Reliance Retail,Active,East,Tier 2,Hypermarket,Odisha
1102897,Reliance Retail,Active,West,Tier 1,Hypermarket,Gujarat
1102917,Reliance Retail,Active,North,Tier 2,Hypermarket,Rajasthan
1102918,Reliance Retail,Active,North,Tier 2,Hypermarket,Rajasthan
1102919,Reliance Retail,Active,North,Tier 2,Hypermarket,Rajasthan
1102920,Reliance Retail,Active,North,Tier 2,Hypermarket,Uttar Pradesh
1102921,Reliance Retail,Active,North,Tier 2,Hypermarket,Uttar Pradesh
1102922,Reliance Retail,Active,North,Tier 2,Hypermarket,Jammu & Kashmir
1102923,Reliance Retail,Active,North,Tier 1,Hypermarket,Delhi
1102924,Reliance Retail,Active,North,Tier 1,Hypermarket,Delhi
1102925,Reliance Retail,Active,North,Tier 2,Hypermarket,Haryana
1102926,Reliance Retail,Active,North,Tier 2,Hypermarket,Haryana
1102927,Reliance Retail,Active,North,Tier 2,Hypermarket,Rajasthan
1102928,Reliance Retail,Active,North,Tier 2,Hypermarket,Uttar Pradesh
1102929,Reliance Retail,Active,North,Tier 2,Hypermarket,Uttar Pradesh
1102930,Reliance Retail,Active,North,Tier 2,Hypermarket,Uttar Pradesh
1102931,Reliance Retail,Active,North,Tier 2,Hypermarket,Punjab
1102932,Reliance Retail,Active,North,Tier 2,Hypermarket,Rajasthan
1102933,Reliance Retail,Active,North,Tier 1,Hypermarket,Delhi
1102934,Reliance Retail,Active,North,Tier 1,Hypermarket,Delhi
1102935,Reliance Retail,Active,North,Tier 2,Hypermarket,Rajasthan
1102936,Reliance Retail,Active,North,Tier 2,Hypermarket,Rajasthan
1102937,Reliance Retail,Active,North,Tier 2,Hypermarket,Rajasthan
1102938,Reliance Retail,Active,North,Tier 2,Hypermarket,Uttar Pradesh
1102939,Reliance Retail,Active,North,Tier 2,Hypermarket,Uttar Pradesh
1102940,Reliance Retail,Active,North,Tier 2,Hypermarket,Uttar Pradesh
1102941,Reliance Retail,Active,North,Tier 2,Hypermarket,Uttar Pradesh
1102942,Reliance Retail,Active,North,Tier 2,Hypermarket,Punjab
1102943,Reliance Retail,Active,North,Tier 2,Hypermarket,Haryana
1102945,D.L. Sales - MT,Active,East,Tier 1,Supermarket,West Bengal
1102946,Reliance Retail,Active,East,Tier 2,Hypermarket,Odisha
1102951,Reliance Retail,Active,South-1,Tier 1,Hypermarket,Tamil Nadu
1102952,Reliance Retail,Active,North,Tier 2,Hypermarket,Rajasthan
1102953,Reliance Retail,Active,East,Tier 1,Hypermarket,West Bengal
1102954,Reliance Retail,Active,East,Tier 1,Hypermarket,West Bengal
1102955,Reliance Retail,Active,East,Tier 1,Hypermarket,West Bengal
1102956,Reliance Retail,Active,East,Tier 1,Hypermarket,West Bengal
1102957,Reliance Retail,Active,East,Tier 2,Hypermarket,Jharkhand
1102958,Reliance Retail,Active,East,Tier 1,Hypermarket,West Bengal
1102959,Reliance Retail,Active,East,Tier 1,Hypermarket,West Bengal
1102960,Reliance Retail,Active,East,Tier 1,Hypermarket,West Bengal
1102961,Reliance Retail,Active,East,Tier 2,Hypermarket,Jharkhand
1102962,Reliance Retail,Active,East,Tier 1,Hypermarket,West Bengal
1102963,Reliance Retail,Active,East,Tier 1,Hypermarket,West Bengal
1102964,Reliance Retail,Active,East,Tier 1,Hypermarket,West Bengal
1102965,Reliance Retail,Active,East,Tier 1,Hypermarket,West Bengal
1102987,Apollo Healthco,Active,South-1,Tier 2,Pharmacy,Kerala
1102988,Reliance Retail,Active,South-2,Tier 1,Hypermarket,Telangana
1102994,Reliance Retail,Active,West,Tier 1,Hypermarket,Gujarat
1102995,Reliance Retail,Active,East,Tier 2,Hypermarket,Jharkhand
1102996,Reliance Retail,Active,East,Tier 2,Hypermarket,Odisha
1102997,Reliance Retail,Active,East,Tier 2,Hypermarket,Bihar
1102998,Reliance Retail,Active,East,Tier 2,Hypermarket,Bihar
1103000,Reliance Retail,Active,East,Tier 1,Hypermarket,West Bengal
1103001,Reliance Retail,Active,East,Tier 2,Hypermarket,Odisha
1103005,Reliance Retail,Active,North,Tier 2,Hypermarket,Uttarakhand
1103006,Reliance Retail,Active,South-1,Tier 2,Hypermarket,Kerala
1103007,Reliance Retail,Active,South-1,Tier 1,Hypermarket,Karnataka
1103009,Reliance Retail,Active,West,Tier 1,Hypermarket,Gujarat
1103010,Reliance Retail,Active,West,Tier 1,Hypermarket,Gujarat
1103011,Reliance Retail,Active,West,Tier 1,Hypermarket,Gujarat
1103012,Reliance Retail,Active,West,Tier 1,Hypermarket,Gujarat
1103013,Reliance Retail,Active,West,Tier 1,Hypermarket,Gujarat
1103017,Reliance Retail,Active,West,Tier 1,Hypermarket,Maharashtra
1103018,Reliance Retail,Active,Central,Tier 2,Hypermarket,Madhya Pradesh
1103027,Reliance Retail,Active,South-1,Tier 2,Hypermarket,Kerala
1103031,Balaji Associates Distributor MT,Active,East,Tier 2,Supermarket,Assam
1103071,D-Mart-Offline,Active,Central,Tier 1,Hypermarket,Maharashtra
1103083,Reliance Retail,Active,South-1,Tier 1,Hypermarket,Tamil Nadu
1103085,Reliance Retail,Active,South-1,Tier 1,Hypermarket,Karnataka
1103087,Reliance Retail,Active,South-1,Tier 1,Hypermarket,Karnataka
1103088,Reliance Retail,Active,South-1,Tier 1,Hypermarket,Tamil Nadu
1103089,Reliance Retail,Active,North,Tier 2,Hypermarket,Punjab
1103093,CHHABRA TRADERS,Active,North,Tier 2,Supermarket,Uttar Pradesh
1103110,PRAGATI SALES-D-MART,Active,Central,Tier 2,Hypermarket,Chhattisgarh
1103117,Reliance Retail,Active,North,Tier 2,Hypermarket,Rajasthan
1103118,Reliance Retail,Active,North,Tier 2,Hypermarket,Uttar Pradesh
1103119,Reliance Retail,Active,North,Tier 2,Hypermarket,Uttar Pradesh
1103120,Reliance Retail,Active,North,Tier 2,Hypermarket,Uttar Pradesh
1103121,Reliance Retail,Active,North,Tier 2,Hypermarket,Uttarakhand
1103122,Reliance Retail,Active,North,Tier 2,Hypermarket,Uttar Pradesh
1103123,Reliance Retail,Active,North,Tier 2,Hypermarket,Uttar Pradesh
1103124,Reliance Retail,Active,North,Tier 2,Hypermarket,Haryana
1103125,Reliance Retail,Active,North,Tier 1,Hypermarket,Delhi
1103126,Reliance Retail,Active,West,Tier 1,Hypermarket,Maharashtra
1103127,Reliance Retail,Active,West,Tier 1,Hypermarket,Maharashtra
1103128,Reliance Retail,Active,West,Tier 1,Hypermarket,Gujarat
1103130,Reliance Retail,Active,Central,Tier 2,Hypermarket,Chhattisgarh
1103131,Reliance Retail,Active,South-1,Tier 1,Hypermarket,Karnataka
1103132,Reliance Retail,Active,South-1,Tier 2,Hypermarket,Kerala
1103133,Reliance Retail,Active,East,Tier 2,Hypermarket,Odisha
1103134,Reliance Retail,Active,East,Tier 1,Hypermarket,West Bengal
1103140,Reliance Retail,Active,West,Tier 1,Hypermarket,Gujarat
1103141,Reliance Retail,Active,West,Tier 1,Hypermarket,Gujarat
1103142,Reliance Retail,Active,West,Tier 1,Hypermarket,Gujarat
1103143,Reliance Retail,Active,West,Tier 1,Hypermarket,Gujarat
1103155,Reliance Retail,Active,East,Tier 1,Hypermarket,West Bengal
1103159,Reliance Retail,Active,West,Tier 1,Hypermarket,Gujarat
1103160,Reliance Retail,Active,West,Tier 1,Hypermarket,Gujarat
1103161,Reliance Retail,Active,West,Tier 1,Hypermarket,Gujarat
1103163,Reliance Retail,Active,East,Tier 1,Hypermarket,West Bengal
1103164,Reliance Retail,Active,East,Tier 1,Hypermarket,West Bengal
1103165,Reliance Retail,Active,East,Tier 1,Hypermarket,West Bengal
1103175,Reliance Retail,Active,North,Tier 2,Hypermarket,Haryana
1103177,Reliance Retail,Active,East,Tier 2,Hypermarket,Jharkhand
1103204,Reliance Retail,Active,North,Tier 2,Hypermarket,Uttarakhand
1103229,Reliance Retail,Active,South-1,Tier 1,Hypermarket,Tamil Nadu
1103279,Trent Hypermarket,Active,West,Tier 1,Hypermarket,Maharashtra
1103395,Reliance Retail,Active,West,Tier 1,Hypermarket,Maharashtra
1103396,Reliance Retail,Active,Central,Tier 2,Hypermarket,Madhya Pradesh
1103409,Reliance Retail,Active,South-1,Tier 2,Hypermarket,Kerala
1103410,Reliance Retail,Active,South-1,Tier 2,Hypermarket,Kerala
1103413,Reliance Retail,Active,South-1,Tier 2,Hypermarket,Kerala
1103414,Reliance Retail,Active,South-1,Tier 2,Hypermarket,Kerala
1103415,Reliance Retail,Active,South-1,Tier 2,Hypermarket,Kerala
1103416,Reliance Retail,Active,South-1,Tier 2,Hypermarket,Kerala
1103417,Reliance Retail,Active,South-1,Tier 2,Hypermarket,Kerala
1103418,Reliance Retail,Active,South-1,Tier 2,Hypermarket,Kerala
1103448,Reliance Retail,Active,East,Tier 2,Hypermarket,Odisha
1103449,Reliance Retail,Active,East,Tier 2,Hypermarket,Odisha
1103450,Reliance Retail,Active,South-1,Tier 1,Hypermarket,Tamil Nadu
1103451,Reliance Retail,Active,South-1,Tier 1,Hypermarket,Tamil Nadu
1103452,Reliance Retail,Active,South-1,Tier 1,Hypermarket,Tamil Nadu
1103453,Reliance Retail,Active,South-1,Tier 1,Hypermarket,Tamil Nadu
1103454,Reliance Retail,Active,South-1,Tier 1,Hypermarket,Tamil Nadu
1103455,Reliance Retail,Active,South-1,Tier 1,Hypermarket,Tamil Nadu
1103456,Reliance Retail,Active,South-2,Tier 1,Hypermarket,Telangana
1103457,Reliance Retail,Active,South-2,Tier 1,Hypermarket,Telangana
1103458,Reliance Retail,Active,South-2,Tier 1,Hypermarket,Telangana
1103459,Reliance Retail,Active,South-2,Tier 1,Hypermarket,Telangana
1103460,Reliance Retail,Active,South-2,Tier 1,Hypermarket,Telangana
1103461,Reliance Retail,Active,South-2,Tier 1,Hypermarket,Telangana
1103462,Reliance Retail,Active,South-2,Tier 1,Hypermarket,Telangana
1103468,Reliance Retail,Active,South-1,Tier 2,Hypermarket,Kerala
1103475,Reliance Retail,Active,South-1,Tier 1,Hypermarket,Karnataka
1103476,Reliance Retail,Active,South-1,Tier 1,Hypermarket,Karnataka
1103482,Reliance Retail,Active,South-1,Tier 1,Hypermarket,Karnataka
1103483,Reliance Retail,Active,South-1,Tier 1,Hypermarket,Karnataka
1103485,Reliance Retail,Active,South-1,Tier 1,Hypermarket,Karnataka
1103486,Reliance Retail,Active,South-1,Tier 1,Hypermarket,Karnataka
1103494,Reliance Retail,Active,East,Tier 1,Hypermarket,West Bengal
1103508,Reliance Retail,Active,East,Tier 2,Hypermarket,Jharkhand
1103511,Reliance Retail,Active,South-1,Tier 1,Hypermarket,Karnataka
1103512,Reliance Retail,Active,South-1,Tier 1,Hypermarket,Karnataka
1103513,Reliance Retail,Active,South-1,Tier 1,Hypermarket,Karnataka
1103528,Reliance Retail,Active,North,Tier 2,Hypermarket,Uttar Pradesh
1103554,Reliance Retail,Active,East,Tier 2,Hypermarket,Odisha
1103558,Reliance Retail,Active,South-1,Tier 1,Hypermarket,Karnataka
1103567,Reliance Retail,Active,East,Tier 1,Hypermarket,West Bengal
1103576,D-Mart-Offline,Active,North,Tier 2,Hypermarket,Haryana
1103589,Reliance Retail,Active,North,Tier 2,Hypermarket,Haryana
1103590,Reliance Retail,Active,South-1,Tier 1,Hypermarket,Karnataka
1103660,Reliance Retail,Active,North,Tier 2,Hypermarket,Rajasthan
1103675,Reliance Retail,Active,South-1,Tier 1,Hypermarket,Karnataka
1103744,Reliance Retail,Active,East,Tier 2,Hypermarket,Odisha
1103748,RRL-FOC-Sample,Active,West,Tier 1,Supermarket,Maharashtra
1103817,SRIJAN ENTERPRISES-MT-JH,Active,East,Tier 2,Supermarket,Jharkhand
1103818,SAI SAACHI ASSOCIATES-MT-OR,Active,East,Tier 2,Supermarket,Odisha
1103917,D-Mart-Offline,Active,West,Tier 1,Hypermarket,Maharashtra
1104005,D-Mart-Offline,Active,Central,Tier 2,Hypermarket,Madhya Pradesh
1104006,D-Mart-Offline,Active,Central,Tier 2,Hypermarket,Madhya Pradesh
1104211,Apollo Healthco,Active,West,Tier 1,Pharmacy,Gujarat
1104243,Kiran Trading Company-Solapur-D-Mart,Active,West,Tier 1,Hypermarket,Maharashtra
1104274,Reliance Retail,Active,North,Tier 2,Hypermarket,Rajasthan
1104275,Reliance Retail,Active,East,Tier 2,Hypermarket,Bihar
1104276,Reliance Retail,Active,North,Tier 2,Hypermarket,Haryana
1104277,Reliance Retail,Active,North,Tier 2,Hypermarket,Haryana
1104278,Reliance Retail,Active,East,Tier 1,Hypermarket,West Bengal
1104279,Reliance Retail,Active,East,Tier 1,Hypermarket,West Bengal
1104280,Reliance Retail,Active,North,Tier 2,Hypermarket,Punjab
1104281,Reliance Retail,Active,South-1,Tier 1,Hypermarket,Karnataka
1104308,Reliance Retail,Active,North,Tier 2,Hypermarket,Haryana
1104309,Reliance Retail,Active,North,Tier 2,Hypermarket,Uttar Pradesh
1104310,Reliance Retail,Active,North,Tier 2,Hypermarket,Uttarakhand
1104311,Reliance Retail,Active,North,Tier 2,Hypermarket,Uttarakhand
1104312,Reliance Retail,Active,East,Tier 2,Hypermarket,Odisha
1104313,Reliance Retail,Active,East,Tier 2,Hypermarket,Jharkhand
1104314,Reliance Retail,Active,East,Tier 2,Hypermarket,Bihar
1104379,Reliance Retail,Active,North,Tier 2,Hypermarket,Haryana
1104380,Reliance Retail,Active,North,Tier 2,Hypermarket,Haryana
1104397,Reliance Retail,Active,East,Tier 2,Hypermarket,Odisha
1104539,VENKATESHWARA AGENCIES-TG,Active,South-2,Tier 1,Supermarket,Telangana
1104541,Reliance Retail,Active,East,Tier 2,Hypermarket,Bihar
1104542,Reliance Retail,Active,East,Tier 2,Hypermarket,Bihar
1104543,Reliance Retail,Active,East,Tier 2,Hypermarket,Bihar
1104544,Reliance Retail,Active,East,Tier 2,Hypermarket,Bihar
1104545,Reliance Retail,Active,East,Tier 2,Hypermarket,Bihar
1104546,Reliance Retail,Active,East,Tier 2,Hypermarket,Assam
1104557,Reliance Retail,Active,South-2,Tier 1,Hypermarket,Telangana
1104558,Reliance Retail,Active,South-2,Tier 1,Hypermarket,Telangana
1104559,Reliance Retail,Active,South-2,Tier 1,Hypermarket,Telangana
1104560,Reliance Retail,Active,South-2,Tier 1,Hypermarket,Telangana
1104561,Reliance Retail,Active,South-2,Tier 1,Hypermarket,Telangana
1104562,Reliance Retail,Active,South-2,Tier 1,Hypermarket,Telangana
1104563,Reliance Retail,Active,South-2,Tier 1,Hypermarket,Telangana
1104570,RR Traders-MT,Active,North,Tier 2,Supermarket,Punjab
1104571,Sehaj Enterprises -MT-JK,Active,North,Tier 2,Supermarket,Jammu & Kashmir
1104595,Reliance Retail,Active,North,Tier 2,Hypermarket,Himachal Pradesh
1104596,Reliance Retail,Active,North,Tier 2,Hypermarket,Himachal Pradesh
1104628,Reliance Retail,Active,South-1,Tier 1,Hypermarket,Karnataka
1104629,Reliance Retail,Active,South-2,Tier 1,Hypermarket,Telangana
1104630,Reliance Retail,Active,South-2,Tier 1,Hypermarket,Telangana
1104631,Reliance Retail,Active,South-2,Tier 1,Hypermarket,Telangana
1104680,D-Mart-Offline,Active,West,Tier 1,Hypermarket,Maharashtra
1104688,REAL TIME LOGISTICS_MT_BR,Active,East,Tier 2,Supermarket,Bihar
1104690,Reliance Retail,Active,East,Tier 2,Hypermarket,Assam
1104707,Health & Glow,Active,West,Tier 1,Beauty Retail,Maharashtra
1104708,Health & Glow,Active,South-1,Tier 1,Beauty Retail,Tamil Nadu
1104727,D-Mart-Offline,Active,Central,Tier 1,Hypermarket,Maharashtra
1104729,Apollo Healthco,Active,East,Tier 2,Pharmacy,Assam
1104761,MANOJ SOAP AGENCY-MT,Active,North,Tier 2,Supermarket,Rajasthan
1104762,Health & Glow,Active,South-1,Tier 1,Beauty Retail,Karnataka
1104767,Reliance Retail,Active,North,Tier 2,Hypermarket,Uttar Pradesh
1104782,Health & Glow,Active,South-2,Tier 1,Beauty Retail,Telangana
1104783,Health & Glow,Active,East,Tier 1,Beauty Retail,West Bengal
