Distributor,Chain,Brand,NSV_Cr,Weight_Pct,Territory
Az Enterprises,Lulu,The Derma Co,0.0002,29.37,KA
Az Enterprises,Lulu,The Derma Co,0.0,29.37,KA
Az Enterprises,Lulu,The Derma Co,0.0006,29.37,KA
Az Enterprises,Lulu,Mamaearth,0.0001,9.34,KA
Az Enterprises,Lulu,The Derma Co,0.0,29.37,KA
Az Enterprises,Lulu,Mamaearth,0.0001,9.34,KA
Az Enterprises,Lulu,The Derma Co,0.0007,29.37,KA
Az Enterprises,Lulu,The Derma Co,0.0003,29.37,KA
Az Enterprises,Lulu,The Derma Co,0.0011,29.37,KA
Az Enterprises,Lulu,Mamaearth,0.0001,9.34,KA
Az Enterprises,Lulu,Mamaearth,0.0001,9.34,KA
Az Enterprises,Lulu,Mamaearth,0.0005,9.34,KA
Az Enterprises,Lulu,Mamaearth,0.0007,9.34,KA
Az Enterprises,Lulu,Mamaearth,0.0002,9.34,KA
Az Enterprises,Lulu,Mamaearth,0.0005,9.34,KA
Az Enterprises,Lulu,Mamaearth,0.0007,9.34,KA
Az Enterprises,Lulu,Mamaearth,0.0002,9.34,KA
Az Enterprises,Lulu,Mamaearth,0.0001,9.34,KA
Az Enterprises,Lulu,Mamaearth,0.0001,9.34,KA
Az Enterprises,Lulu,Mamaearth,0.0002,9.34,KA
Az Enterprises,Lulu,Mamaearth,0.0007,9.34,KA
Az Enterprises,Lulu,Mamaearth,0.0001,9.34,KA
Az Enterprises,Lulu,Mamaearth,0.0001,9.34,KA
Az Enterprises,Lulu,Mamaearth,0.0,9.34,KA
Az Enterprises,Lulu,The Derma Co,0.0009,29.37,KA
Az Enterprises,Lulu,Mamaearth,0.0002,9.34,KA
Az Enterprises,Lulu,Mamaearth,0.0002,9.34,KA
Az Enterprises,Lulu,Mamaearth,0.0001,9.34,KA
Az Enterprises,Lulu,Mamaearth,0.0004,9.34,KA
Az Enterprises,Lulu,Mamaearth,0.0003,9.34,KA
Az Enterprises,Lulu,The Derma Co,0.0007,29.37,KA
Az Enterprises,Lulu,Mamaearth,0.0003,9.34,KA
Az Enterprises,Lulu,The Derma Co,0.0013,29.37,KA
Az Enterprises,Lulu,Mamaearth,0.0002,9.34,KA
Az Enterprises,Lulu,Mamaearth,0.0002,9.34,KA
Az Enterprises,Lulu,Aqualogica,0.0019,70.21,KA
Az Enterprises,Lulu,Mamaearth,0.0003,9.34,KA
Az Enterprises,Lulu,Mamaearth,0.0003,9.34,KA
Az Enterprises,Lulu,BBlunt,0.0,0.0,KA
Az Enterprises,Lulu,Mamaearth,0.0005,9.34,KA
Az Enterprises,Lulu,Mamaearth,0.0002,9.34,KA
Az Enterprises,Lulu,Mamaearth,0.0,9.34,KA
Az Enterprises,Lulu,BBlunt,0.0,0.0,KA
Az Enterprises,Lulu,Aqualogica,0.0005,70.21,KA
Az Enterprises,Lulu,The Derma Co,0.0032,29.37,KA
Az Enterprises,Lulu,Mamaearth,0.0007,9.34,KA
Az Enterprises,Lulu,Mamaearth,0.0006,9.34,KA
Az Enterprises,Lulu,Mamaearth,0.0002,9.34,KA
Az Enterprises,Lulu,Mamaearth,0.0,9.34,KA
Az Enterprises,Lulu,Mamaearth,0.0004,9.34,KA
Az Enterprises,Lulu,Mamaearth,0.0005,9.34,KA
Az Enterprises,Lulu,Mamaearth,0.0005,9.34,KA
Az Enterprises,Lulu,BBlunt,0.0,0.0,KA
Az Enterprises,Lulu,Mamaearth,0.0003,9.34,KA
Az Enterprises,Lulu,BBlunt,0.0,0.0,KA
Az Enterprises,Lulu,Aqualogica,0.0012,70.21,KA
Az Enterprises,Lulu,Mamaearth,0.0004,9.34,KA
Az Enterprises,Lulu,The Derma Co,0.0001,29.37,KA
Az Enterprises,Lulu,Mamaearth,0.0003,9.34,KA
Az Enterprises,Lulu,The Derma Co,0.0019,29.37,KA
Az Enterprises,Lulu,BBlunt,0.0,0.0,KA
Az Enterprises,Lulu,The Derma Co,0.0044,29.37,KA
Az Enterprises,Lulu,Mamaearth,0.0001,9.34,KA
Az Enterprises,Lulu,Mamaearth,0.0007,9.34,KA
Az Enterprises,Lulu,Mamaearth,0.0002,9.34,KA
Az Enterprises,Lulu,Aqualogica,0.0015,70.21,KA
Az Enterprises,Lulu,Mamaearth,0.0004,9.34,KA
Az Enterprises,Lulu,Mamaearth,0.0009,9.34,KA
Az Enterprises,Lulu,Mamaearth,0.0002,9.34,KA
Az Enterprises,Lulu,BBlunt,0.0,0.0,KA
Az Enterprises,Lulu,Mamaearth,0.0002,9.34,KA
Az Enterprises,Lulu,Mamaearth,0.0002,9.34,KA
Az Enterprises,Lulu,The Derma Co,0.0013,29.37,KA
Az Enterprises,Lulu,The Derma Co,0.0004,29.37,KA
Az Enterprises,Lulu,BBlunt,0.0,0.0,KA
Az Enterprises,Lulu,BBlunt,0.0,0.0,KA
Az Enterprises,Lulu,Mamaearth,0.0001,9.34,KA
Az Enterprises,Lulu,Mamaearth,0.0003,9.34,KA
Az Enterprises,Lulu,Aqualogica,0.0024,70.21,KA
Az Enterprises,Lulu,The Derma Co,0.0023,29.37,KA
Az Enterprises,Lulu,The Derma Co,0.0039,29.37,KA
Az Enterprises,Lulu,The Derma Co,0.0007,29.37,KA
Az Enterprises,Lulu,The Derma Co,0.0001,29.37,KA
Az Enterprises,Lulu,The Derma Co,0.0007,29.37,KA
Az Enterprises,Lulu,Mamaearth,0.0005,9.34,KA
Az Enterprises,Lulu,Mamaearth,0.0003,9.34,KA
Az Enterprises,Lulu,Mamaearth,0.0001,9.34,KA
Az Enterprises,Lulu,Mamaearth,0.0002,9.34,KA
Az Enterprises,Lulu,The Derma Co,0.0032,29.37,KA
Az Enterprises,Lulu,The Derma Co,0.0009,29.37,KA
Az Enterprises,Lulu,Mamaearth,0.0001,9.34,KA
Az Enterprises,Lulu,Mamaearth,0.0004,9.34,KA
Az Enterprises,Lulu,Aqualogica,0.0011,70.21,KA
Az Enterprises,Lulu,The Derma Co,0.0003,29.37,KA
Az Enterprises,Lulu,Mamaearth,0.0004,9.34,KA
Az Enterprises,Lulu,Mamaearth,0.0008,9.34,KA
Az Enterprises,Lulu,Mamaearth,0.0002,9.34,KA
Az Enterprises,Lulu,Mamaearth,0.0001,9.34,KA
Az Enterprises,Lulu,BBlunt,0.0,0.0,KA
Az Enterprises,Lulu,Mamaearth,0.0001,9.34,KA
Az Enterprises,Lulu,Mamaearth,0.0002,9.34,KA
Az Enterprises,Lulu,Mamaearth,0.0002,9.34,KA
Az Enterprises,Lulu,The Derma Co,0.0003,29.37,KA
Az Enterprises,Lulu,Mamaearth,0.0,9.34,KA
Az Enterprises,Lulu,Mamaearth,0.0005,9.34,KA
Az Enterprises,Lulu,Mamaearth,0.0002,9.34,KA
Az Enterprises,Lulu,Aqualogica,0.0019,70.21,KA
Az Enterprises,Lulu,The Derma Co,0.0021,29.37,KA
Az Enterprises,Lulu,Mamaearth,0.0001,9.34,KA
Az Enterprises,Lulu,Aqualogica,0.0014,70.21,KA
Az Enterprises,Lulu,Mamaearth,0.0003,9.34,KA
Az Enterprises,Lulu,Mamaearth,0.0003,9.34,KA
Az Enterprises,Lulu,Mamaearth,0.0007,9.34,KA
Az Enterprises,Lulu,The Derma Co,0.0016,29.37,KA
Az Enterprises,Lulu,The Derma Co,0.0004,29.37,KA
Az Enterprises,Lulu,Mamaearth,0.0,9.34,KA
Az Enterprises,Lulu,The Derma Co,0.0007,29.37,KA
Az Enterprises,Lulu,Mamaearth,0.0,9.34,KA
Az Enterprises,Lulu,BBlunt,0.0,0.0,KA
Az Enterprises,Lulu,The Derma Co,0.0001,29.37,KA
Az Enterprises,Lulu,Mamaearth,0.0003,9.34,KA
Az Enterprises,Lulu,The Derma Co,0.0019,29.37,KA
Az Enterprises,Lulu,The Derma Co,0.001,29.37,KA
Az Enterprises,Lulu,Mamaearth,0.0003,9.34,KA
Az Enterprises,Lulu,Mamaearth,0.0004,9.34,KA
Az Enterprises,Lulu,The Derma Co,0.0006,29.37,KA
Az Enterprises,Lulu,The Derma Co,0.0013,29.37,KA
Az Enterprises,Lulu,The Derma Co,0.0005,29.37,KA
Az Enterprises,Lulu,The Derma Co,0.0013,29.37,KA
Az Enterprises,Lulu,The Derma Co,0.0013,29.37,KA
Az Enterprises,Lulu,The Derma Co,0.0013,29.37,KA
Az Enterprises,Lulu,Aqualogica,0.002,70.21,KA
Az Enterprises,Lulu,Mamaearth,0.0001,9.34,KA
Az Enterprises,Lulu,Mamaearth,0.0003,9.34,KA
Az Enterprises,Lulu,Mamaearth,0.0,9.34,KA
Az Enterprises,Lulu,The Derma Co,0.0019,29.37,KA
Az Enterprises,Lulu,The Derma Co,0.0001,29.37,KA
Az Enterprises,Lulu,The Derma Co,0.0019,29.37,KA
Az Enterprises,Lulu,The Derma Co,0.0007,29.37,KA
Az Enterprises,Lulu,Aqualogica,0.0012,70.21,KA
Az Enterprises,Lulu,The Derma Co,0.0007,29.37,KA
Az Enterprises,Lulu,Mamaearth,0.0002,9.34,KA
Az Enterprises,Lulu,The Derma Co,0.0011,29.37,KA
Az Enterprises,Lulu,The Derma Co,0.0019,29.37,KA
Az Enterprises,Lulu,The Derma Co,0.0011,29.37,KA
Az Enterprises,Lulu,The Derma Co,0.0008,29.37,KA
Az Enterprises,Lulu,Mamaearth,0.0002,9.34,KA
Az Enterprises,Lulu,Mamaearth,0.0004,9.34,KA
Az Enterprises,Lulu,Mamaearth,0.0002,9.34,KA
Az Enterprises,Lulu,Mamaearth,0.0003,9.34,KA
Az Enterprises,Lulu,Mamaearth,0.0,9.34,KA
Az Enterprises,Lulu,Mamaearth,0.0003,9.34,KA
Az Enterprises,Lulu,Mamaearth,0.0004,9.34,KA
Az Enterprises,Lulu,The Derma Co,0.0001,29.37,KA
Az Enterprises,Lulu,The Derma Co,0.0005,29.37,KA
Az Enterprises,Lulu,The Derma Co,0.0012,29.37,KA
Az Enterprises,Lulu,Mamaearth,0.0002,9.34,KA
Az Enterprises,Lulu,The Derma Co,0.001,29.37,KA
Az Enterprises,Lulu,The Derma Co,0.0021,29.37,KA
Az Enterprises,Lulu,Mamaearth,0.0002,9.34,KA
Az Enterprises,Lulu,The Derma Co,0.001,29.37,KA
Az Enterprises,Lulu,The Derma Co,0.001,29.37,KA
Az Enterprises,Lulu,Mamaearth,0.0,9.34,KA
Az Enterprises,Lulu,Mamaearth,0.0009,9.34,KA
Az Enterprises,Lulu,Mamaearth,0.0001,9.34,KA
Az Enterprises,Lulu,Mamaearth,0.0005,9.34,KA
Az Enterprises,Lulu,Mamaearth,0.0003,9.34,KA
Az Enterprises,Lulu,The Derma Co,0.0007,29.37,KA
Az Enterprises,Lulu,Mamaearth,0.0002,9.34,KA
Az Enterprises,Lulu,Mamaearth,0.0001,9.34,KA
Az Enterprises,Lulu,The Derma Co,0.0006,29.37,KA
Az Enterprises,Lulu,Mamaearth,0.0002,9.34,KA
Az Enterprises,Lulu,Mamaearth,0.0008,9.34,KA
Az Enterprises,Lulu,The Derma Co,0.0022,29.37,KA
Az Enterprises,Lulu,Mamaearth,0.0005,9.34,KA
Az Enterprises,Lulu,Mamaearth,0.0003,9.34,KA
Az Enterprises,Lulu,The Derma Co,0.0032,29.37,KA
Az Enterprises,Lulu,Mamaearth,0.0009,9.34,KA
Az Enterprises,Lulu,The Derma Co,0.0004,29.37,KA
Az Enterprises,Lulu,Mamaearth,0.0003,9.34,KA
Az Enterprises,Lulu,Mamaearth,0.0001,9.34,KA
Az Enterprises,Lulu,Mamaearth,0.0,9.34,KA
Az Enterprises,Lulu,Mamaearth,0.0019,9.34,KA
Az Enterprises,Lulu,Mamaearth,0.0003,9.34,KA
Az Enterprises,Lulu,The Derma Co,0.0002,29.37,KA
Az Enterprises,Lulu,Mamaearth,0.0007,9.34,KA
Az Enterprises,Lulu,The Derma Co,0.0004,29.37,KA
Az Enterprises,Lulu,Mamaearth,0.0001,9.34,KA
Az Enterprises,Lulu,BBlunt,0.0,0.0,KA
Az Enterprises,Lulu,Mamaearth,0.0004,9.34,KA
Az Enterprises,Lulu,The Derma Co,0.0013,29.37,KA
Az Enterprises,Lulu,Mamaearth,0.0004,9.34,KA
Az Enterprises,Lulu,Mamaearth,0.0,9.34,KA
Az Enterprises,Lulu,Mamaearth,0.0007,9.34,KA
Az Enterprises,Lulu,Mamaearth,0.0002,9.34,KA
Az Enterprises,Lulu,Mamaearth,0.0003,9.34,KA
Az Enterprises,Lulu,Mamaearth,0.0004,9.34,KA
Az Enterprises,Lulu,Mamaearth,0.0004,9.34,KA
Az Enterprises,Lulu,Mamaearth,0.0002,9.34,KA
Az Enterprises,Lulu,The Derma Co,0.0007,29.37,KA
Az Enterprises,Lulu,Mamaearth,0.0003,9.34,KA
Az Enterprises,Lulu,The Derma Co,0.0015,29.37,KA
Az Enterprises,Lulu,Mamaearth,0.0005,9.34,KA
Az Enterprises,Lulu,The Derma Co,0.0009,29.37,KA
Az Enterprises,Lulu,Mamaearth,0.0,9.34,KA
Az Enterprises,Lulu,Mamaearth,0.0002,9.34,KA
Az Enterprises,Lulu,Mamaearth,0.0001,9.34,KA
Az Enterprises,Lulu,Mamaearth,0.0003,9.34,KA
Az Enterprises,Lulu,Mamaearth,0.0002,9.34,KA
Az Enterprises,Lulu,The Derma Co,0.0031,29.37,KA
Az Enterprises,Lulu,Mamaearth,0.0001,9.34,KA
Az Enterprises,Lulu,Mamaearth,0.0001,9.34,KA
Az Enterprises,Lulu,Mamaearth,0.0001,9.34,KA
Az Enterprises,Lulu,Mamaearth,0.0006,9.34,KA
Az Enterprises,Lulu,Mamaearth,0.0002,9.34,KA
Az Enterprises,Lulu,Aqualogica,0.0058,70.21,KA
Az Enterprises,Lulu,Mamaearth,0.0,9.34,KA
Az Enterprises,Lulu,Mamaearth,0.0,9.34,KA
Az Enterprises,Lulu,The Derma Co,0.0018,29.37,KA
Az Enterprises,Lulu,The Derma Co,0.0032,29.37,KA
Az Enterprises,Lulu,The Derma Co,0.0005,29.37,KA
Az Enterprises,Lulu,BBlunt,0.0,0.0,KA
Az Enterprises,Lulu,Mamaearth,0.0001,9.34,KA
Az Enterprises,Lulu,Mamaearth,0.0002,9.34,KA
Az Enterprises,Lulu,Mamaearth,0.0001,9.34,KA
Az Enterprises,Lulu,The Derma Co,0.0003,29.37,KA
Az Enterprises,Lulu,Mamaearth,0.0,9.34,KA
Az Enterprises,Lulu,Mamaearth,0.0001,9.34,KA
Az Enterprises,Lulu,Mamaearth,0.0002,9.34,KA
Az Enterprises,Lulu,Mamaearth,0.0007,9.34,KA
Az Enterprises,Lulu,Mamaearth,0.0002,9.34,KA
Az Enterprises,Lulu,The Derma Co,0.0116,29.37,KA
Az Enterprises,Lulu,Mamaearth,0.0002,9.34,KA
Az Enterprises,Lulu,Mamaearth,0.0005,9.34,KA
Az Enterprises,Lulu,Mamaearth,0.0004,9.34,KA
Az Enterprises,Lulu,The Derma Co,0.0023,29.37,KA
Az Enterprises,Lulu,Mamaearth,0.0005,9.34,KA
Az Enterprises,Lulu,The Derma Co,0.0006,29.37,KA
Az Enterprises,Lulu,Mamaearth,0.0003,9.34,KA
Az Enterprises,Lulu,Mamaearth,0.0,9.34,KA
Az Enterprises,Lulu,Mamaearth,0.0003,9.34,KA
Az Enterprises,Lulu,Mamaearth,0.0001,9.34,KA
Az Enterprises,Lulu,BBlunt,0.0,0.0,KA
Az Enterprises,Lulu,Aqualogica,0.0005,70.21,KA
Az Enterprises,Lulu,Mamaearth,0.0003,9.34,KA
Az Enterprises,Lulu,The Derma Co,0.0003,29.37,KA
Az Enterprises,Lulu,The Derma Co,0.001,29.37,KA
Az Enterprises,Lulu,Mamaearth,0.0001,9.34,KA
Az Enterprises,Lulu,Mamaearth,0.0002,9.34,KA
Az Enterprises,Lulu,The Derma Co,0.0,29.37,KA
Az Enterprises,Lulu,Mamaearth,0.0004,9.34,KA
Az Enterprises,Lulu,Mamaearth,0.0004,9.34,KA
Az Enterprises,Lulu,The Derma Co,0.0007,29.37,KA
Az Enterprises,Lulu,The Derma Co,0.0007,29.37,KA
Az Enterprises,Lulu,The Derma Co,0.0013,29.37,KA
Az Enterprises,Lulu,Mamaearth,0.0,9.34,KA
Az Enterprises,Lulu,Mamaearth,0.0006,9.34,KA
Az Enterprises,Lulu,Mamaearth,0.0003,9.34,KA
Az Enterprises,Lulu,BBlunt,0.0,0.0,KA
Az Enterprises,Lulu,The Derma Co,0.0,29.37,KA
Az Enterprises,Lulu,The Derma Co,0.0006,29.37,KA
Az Enterprises,Lulu,The Derma Co,0.0019,29.37,KA
Az Enterprises,Lulu,Mamaearth,0.0005,9.34,KA
Az Enterprises,Lulu,BBlunt,0.0,0.0,KA
Az Enterprises,Lulu,BBlunt,0.0,0.0,KA
Az Enterprises,Lulu,Mamaearth,0.0001,9.34,KA
Az Enterprises,Lulu,Mamaearth,0.0002,9.34,KA
Az Enterprises,Lulu,Mamaearth,0.0003,9.34,KA
Az Enterprises,Lulu,Mamaearth,0.0007,9.34,KA
Az Enterprises,Lulu,Mamaearth,0.0003,9.34,KA
Az Enterprises,Lulu,Mamaearth,0.0001,9.34,KA
Az Enterprises,Lulu,Mamaearth,0.0003,9.34,KA
Az Enterprises,Lulu,BBlunt,0.0,0.0,KA
Az Enterprises,Lulu,The Derma Co,0.0008,29.37,KA
Az Enterprises,Lulu,BBlunt,0.0,0.0,KA
Az Enterprises,Lulu,Aqualogica,0.0013,70.21,KA
Az Enterprises,Lulu,BBlunt,0.0,0.0,KA
Az Enterprises,Lulu,BBlunt,0.0,0.0,KA
Az Enterprises,Lulu,The Derma Co,0.0007,29.37,KA
Az Enterprises,Lulu,Mamaearth,0.0002,9.34,KA
Az Enterprises,Lulu,The Derma Co,0.0005,29.37,KA
Az Enterprises,Lulu,The Derma Co,0.0013,29.37,KA
Az Enterprises,Lulu,The Derma Co,0.0008,29.37,KA
G.V Enterprises,Lulu,Mamaearth,0.0007,7.5,TN
G.V Enterprises,Lulu,The Derma Co,0.0003,10.49,TN
G.V Enterprises,Lulu,Mamaearth,0.0004,7.5,TN
G.V Enterprises,Lulu,Mamaearth,0.0002,7.5,TN
G.V Enterprises,Lulu,The Derma Co,0.0007,10.49,TN
G.V Enterprises,Lulu,The Derma Co,0.0001,10.49,TN
G.V Enterprises,Lulu,Mamaearth,0.0001,7.5,TN
G.V Enterprises,Lulu,The Derma Co,0.0001,10.49,TN
G.V Enterprises,Lulu,Mamaearth,0.0001,7.5,TN
G.V Enterprises,Lulu,The Derma Co,0.0002,10.49,TN
G.V Enterprises,Lulu,Mamaearth,0.0002,7.5,TN
G.V Enterprises,Lulu,Aqualogica,0.0001,17.62,TN
G.V Enterprises,Lulu,Mamaearth,0.0002,7.5,TN
G.V Enterprises,Lulu,Mamaearth,0.0001,7.5,TN
G.V Enterprises,Lulu,Mamaearth,0.0002,7.5,TN
G.V Enterprises,Lulu,Mamaearth,0.0,7.5,TN
G.V Enterprises,Lulu,The Derma Co,0.0002,10.49,TN
G.V Enterprises,Lulu,The Derma Co,0.0001,10.49,TN
G.V Enterprises,Lulu,The Derma Co,0.0001,10.49,TN
G.V Enterprises,Lulu,Aqualogica,-0.0003,17.62,TN
G.V Enterprises,Lulu,Mamaearth,0.0004,7.5,TN
G.V Enterprises,Lulu,Aqualogica,0.0001,17.62,TN
G.V Enterprises,Lulu,Mamaearth,0.0005,7.5,TN
G.V Enterprises,Lulu,Mamaearth,0.0003,7.5,TN
G.V Enterprises,Lulu,The Derma Co,0.0034,10.49,TN
G.V Enterprises,Lulu,Mamaearth,0.0013,7.5,TN
G.V Enterprises,Lulu,Mamaearth,0.0005,7.5,TN
G.V Enterprises,Lulu,The Derma Co,0.0014,10.49,TN
G.V Enterprises,Lulu,Mamaearth,0.0001,7.5,TN
G.V Enterprises,Lulu,Mamaearth,0.0001,7.5,TN
G.V Enterprises,Lulu,Mamaearth,0.0005,7.5,TN
G.V Enterprises,Lulu,The Derma Co,0.0012,10.49,TN
G.V Enterprises,Lulu,Mamaearth,0.0,7.5,TN
G.V Enterprises,Lulu,Mamaearth,0.0003,7.5,TN
G.V Enterprises,Lulu,Mamaearth,0.0004,7.5,TN
G.V Enterprises,Lulu,The Derma Co,0.0013,10.49,TN
G.V Enterprises,Lulu,Mamaearth,0.0005,7.5,TN
G.V Enterprises,Lulu,Mamaearth,0.0025,7.5,TN
G.V Enterprises,Lulu,The Derma Co,0.0027,10.49,TN
G.V Enterprises,Lulu,Mamaearth,0.0011,7.5,TN
G.V Enterprises,Lulu,The Derma Co,0.0011,10.49,TN
G.V Enterprises,Lulu,The Derma Co,0.0008,10.49,TN
G.V Enterprises,Lulu,The Derma Co,0.003,10.49,TN
G.V Enterprises,Lulu,Mamaearth,0.0005,7.5,TN
G.V Enterprises,Lulu,Mamaearth,0.0001,7.5,TN
G.V Enterprises,Lulu,Mamaearth,0.0001,7.5,TN
G.V Enterprises,Lulu,Mamaearth,0.0018,7.5,TN
G.V Enterprises,Lulu,The Derma Co,0.0001,10.49,TN
G.V Enterprises,Lulu,Mamaearth,0.0001,7.5,TN
G.V Enterprises,Lulu,Mamaearth,0.0008,7.5,TN
G.V Enterprises,Lulu,Mamaearth,0.0004,7.5,TN
G.V Enterprises,Lulu,Mamaearth,0.0014,7.5,TN
G.V Enterprises,Lulu,Mamaearth,0.0004,7.5,TN
G.V Enterprises,Lulu,Mamaearth,0.0001,7.5,TN
G.V Enterprises,Lulu,The Derma Co,0.0003,10.49,TN
G.V Enterprises,Lulu,The Derma Co,0.0001,10.49,TN
G.V Enterprises,Lulu,Mamaearth,0.0002,7.5,TN
G.V Enterprises,Lulu,Mamaearth,0.0,7.5,TN
G.V Enterprises,Lulu,Mamaearth,0.0002,7.5,TN
G.V Enterprises,Lulu,Mamaearth,0.0,7.5,TN
G.V Enterprises,Lulu,Mamaearth,0.0013,7.5,TN
G.V Enterprises,Lulu,The Derma Co,0.001,10.49,TN
G.V Enterprises,Lulu,Mamaearth,0.0003,7.5,TN
G.V Enterprises,Lulu,Mamaearth,0.0003,7.5,TN
G.V Enterprises,Lulu,Mamaearth,0.0003,7.5,TN
G.V Enterprises,Lulu,Mamaearth,0.0003,7.5,TN
G.V Enterprises,Lulu,Mamaearth,0.0001,7.5,TN
G.V Enterprises,Lulu,Mamaearth,0.0007,7.5,TN
G.V Enterprises,Lulu,Mamaearth,0.0003,7.5,TN
G.V Enterprises,Lulu,Mamaearth,0.0001,7.5,TN
G.V Enterprises,Lulu,The Derma Co,0.0006,10.49,TN
G.V Enterprises,Lulu,Mamaearth,0.0009,7.5,TN
G.V Enterprises,Lulu,The Derma Co,0.0003,10.49,TN
G.V Enterprises,Lulu,The Derma Co,0.0018,10.49,TN
G.V Enterprises,Lulu,The Derma Co,0.0002,10.49,TN
G.V Enterprises,Lulu,Mamaearth,0.0009,7.5,TN
G.V Enterprises,Lulu,The Derma Co,0.0012,10.49,TN
G.V Enterprises,Lulu,The Derma Co,0.0002,10.49,TN
G.V Enterprises,Lulu,Aqualogica,0.0003,17.62,TN
G.V Enterprises,Lulu,Mamaearth,0.0001,7.5,TN
G.V Enterprises,Lulu,Mamaearth,0.0006,7.5,TN
G.V Enterprises,Lulu,Mamaearth,0.0002,7.5,TN
G.V Enterprises,Lulu,Mamaearth,0.0001,7.5,TN
G.V Enterprises,Lulu,Mamaearth,0.0006,7.5,TN
G.V Enterprises,Lulu,Mamaearth,0.0002,7.5,TN
G.V Enterprises,Lulu,Mamaearth,0.0002,7.5,TN
G.V Enterprises,Lulu,Mamaearth,0.0003,7.5,TN
G.V Enterprises,Lulu,The Derma Co,0.0001,10.49,TN
G.V Enterprises,Lulu,Mamaearth,0.0001,7.5,TN
G.V Enterprises,Lulu,Mamaearth,0.002,7.5,TN
G.V Enterprises,Lulu,The Derma Co,0.0002,10.49,TN
G.V Enterprises,Lulu,Mamaearth,0.0012,7.5,TN
G.V Enterprises,Lulu,Mamaearth,0.0008,7.5,TN
G.V Enterprises,Lulu,Mamaearth,0.0014,7.5,TN
G.V Enterprises,Lulu,Aqualogica,0.0003,17.62,TN
G.V Enterprises,Lulu,The Derma Co,0.0001,10.49,TN
G.V Enterprises,Lulu,Mamaearth,0.0001,7.5,TN
G.V Enterprises,Lulu,Mamaearth,0.0001,7.5,TN
G.V Enterprises,Lulu,Mamaearth,0.0011,7.5,TN
G.V Enterprises,Lulu,Mamaearth,0.0001,7.5,TN
G.V Enterprises,Lulu,The Derma Co,0.004,10.49,TN
G.V Enterprises,Lulu,Mamaearth,0.0051,7.5,TN
G.V Enterprises,Lulu,Mamaearth,0.0003,7.5,TN
G.V Enterprises,Lulu,The Derma Co,0.0002,10.49,TN
G.V Enterprises,Lulu,Mamaearth,0.0004,7.5,TN
G.V Enterprises,Lulu,Mamaearth,0.0004,7.5,TN
G.V Enterprises,Lulu,Mamaearth,0.0001,7.5,TN
G.V Enterprises,Lulu,The Derma Co,0.0013,10.49,TN
G.V Enterprises,Lulu,The Derma Co,0.0005,10.49,TN
G.V Enterprises,Lulu,Mamaearth,0.0003,7.5,TN
G.V Enterprises,Lulu,Mamaearth,0.0005,7.5,TN
G.V Enterprises,Lulu,The Derma Co,0.0005,10.49,TN
G.V Enterprises,Lulu,Mamaearth,0.0002,7.5,TN
G.V Enterprises,Lulu,Mamaearth,0.0006,7.5,TN
G.V Enterprises,Lulu,Mamaearth,0.0003,7.5,TN
G.V Enterprises,Lulu,Mamaearth,0.0014,7.5,TN
G.V Enterprises,Lulu,Mamaearth,0.0022,7.5,TN
G.V Enterprises,Lulu,Mamaearth,0.0006,7.5,TN
G.V Enterprises,Lulu,Mamaearth,0.0001,7.5,TN
G.V Enterprises,Lulu,Mamaearth,0.0007,7.5,TN
G.V Enterprises,Lulu,Mamaearth,0.0015,7.5,TN
G.V Enterprises,Lulu,The Derma Co,0.0002,10.49,TN
G.V Enterprises,Lulu,Mamaearth,0.0019,7.5,TN
G.V Enterprises,Lulu,Mamaearth,0.0001,7.5,TN
G.V Enterprises,Lulu,Mamaearth,0.0005,7.5,TN
G.V Enterprises,Lulu,Mamaearth,0.0012,7.5,TN
G.V Enterprises,Lulu,The Derma Co,0.0106,10.49,TN
G.V Enterprises,Lulu,The Derma Co,0.0003,10.49,TN
G.V Enterprises,Lulu,Mamaearth,0.0001,7.5,TN
G.V Enterprises,Lulu,Mamaearth,0.0005,7.5,TN
G.V Enterprises,Lulu,The Derma Co,0.0003,10.49,TN
G.V Enterprises,Lulu,Mamaearth,0.0002,7.5,TN
G.V Enterprises,Lulu,Mamaearth,0.0003,7.5,TN
G.V Enterprises,Lulu,The Derma Co,0.0001,10.49,TN
G.V Enterprises,Lulu,Mamaearth,0.0013,7.5,TN
G.V Enterprises,Lulu,Mamaearth,0.0025,7.5,TN
G.V Enterprises,Lulu,The Derma Co,0.0003,10.49,TN
G.V Enterprises,Lulu,Mamaearth,0.0027,7.5,TN
G.V Enterprises,Lulu,Mamaearth,0.0006,7.5,TN
G.V Enterprises,Lulu,Mamaearth,0.0002,7.5,TN
G.V Enterprises,Lulu,Aqualogica,0.0003,17.62,TN
G.V Enterprises,Lulu,Mamaearth,0.0034,7.5,TN
G.V Enterprises,Lulu,Mamaearth,0.0001,7.5,TN
G.V Enterprises,Lulu,Mamaearth,0.0007,7.5,TN
G.V Enterprises,Lulu,Mamaearth,0.0004,7.5,TN
G.V Enterprises,Lulu,Mamaearth,0.0001,7.5,TN
G.V Enterprises,Lulu,Mamaearth,0.0002,7.5,TN
G.V Enterprises,Lulu,Mamaearth,0.0002,7.5,TN
G.V Enterprises,Lulu,Mamaearth,0.0001,7.5,TN
G.V Enterprises,Lulu,Mamaearth,0.0001,7.5,TN
G.V Enterprises,Lulu,Mamaearth,0.0003,7.5,TN
G.V Enterprises,Lulu,Mamaearth,0.0001,7.5,TN
G.V Enterprises,Lulu,Mamaearth,0.0004,7.5,TN
G.V Enterprises,Lulu,Mamaearth,0.0006,7.5,TN
G.V Enterprises,Lulu,Mamaearth,0.0001,7.5,TN
G.V Enterprises,Lulu,Mamaearth,0.0001,7.5,TN
G.V Enterprises,Lulu,Mamaearth,0.004,7.5,TN
G.V Enterprises,Lulu,Mamaearth,0.0001,7.5,TN
G.V Enterprises,Lulu,Mamaearth,0.0012,7.5,TN
G.V Enterprises,Lulu,The Derma Co,0.0004,10.49,TN
G.V Enterprises,Lulu,The Derma Co,0.0003,10.49,TN
G.V Enterprises,Lulu,Mamaearth,0.0001,7.5,TN
G.V Enterprises,Lulu,Mamaearth,0.0004,7.5,TN
G.V Enterprises,Lulu,Aqualogica,0.0003,17.62,TN
G.V Enterprises,Lulu,Mamaearth,0.0001,7.5,TN
G.V Enterprises,Lulu,Mamaearth,0.0004,7.5,TN
G.V Enterprises,Lulu,Mamaearth,0.0,7.5,TN
G.V Enterprises,Lulu,The Derma Co,0.0018,10.49,TN
G.V Enterprises,Lulu,The Derma Co,0.0001,10.49,TN
G.V Enterprises,Lulu,The Derma Co,0.0002,10.49,TN
G.V Enterprises,Lulu,Mamaearth,0.0003,7.5,TN
G.V Enterprises,Lulu,Mamaearth,0.0004,7.5,TN
G.V Enterprises,Lulu,The Derma Co,0.0027,10.49,TN
G.V Enterprises,Lulu,Mamaearth,0.0001,7.5,TN
G.V Enterprises,Lulu,The Derma Co,0.0004,10.49,TN
G.V Enterprises,Lulu,Mamaearth,0.0001,7.5,TN
G.V Enterprises,Lulu,Mamaearth,0.0001,7.5,TN
G.V Enterprises,Lulu,Mamaearth,0.0005,7.5,TN
G.V Enterprises,Lulu,Mamaearth,0.0008,7.5,TN
G.V Enterprises,Lulu,Mamaearth,0.0002,7.5,TN
G.V Enterprises,Lulu,Mamaearth,0.0007,7.5,TN
G.V Enterprises,Lulu,Mamaearth,0.0004,7.5,TN
G.V Enterprises,Lulu,Mamaearth,0.0007,7.5,TN
G.V Enterprises,Lulu,Mamaearth,0.0002,7.5,TN
G.V Enterprises,Lulu,Mamaearth,0.0005,7.5,TN
G.V Enterprises,Lulu,Mamaearth,0.0001,7.5,TN
G.V Enterprises,Lulu,The Derma Co,0.0,10.49,TN
G.V Enterprises,Lulu,The Derma Co,0.0,10.49,TN
G.V Enterprises,Lulu,The Derma Co,0.0,10.49,TN
G.V Enterprises,Lulu,Mamaearth,0.0,7.5,TN
G.V Enterprises,Lulu,Mamaearth,0.0,7.5,TN
M/S KOTTARAM BUSINESS CORPORATION-MT,Lulu,The Derma Co,0.0074,77.08,KER
M/S KOTTARAM BUSINESS CORPORATION-MT,Lulu,Mamaearth,0.0005,75.48,KER
M/S KOTTARAM BUSINESS CORPORATION-MT,Lulu,Mamaearth,0.0005,75.48,KER
M/S KOTTARAM BUSINESS CORPORATION-MT,Lulu,Mamaearth,0.0014,75.48,KER
M/S KOTTARAM BUSINESS CORPORATION-MT,Lulu,Mamaearth,0.0043,75.48,KER
M/S KOTTARAM BUSINESS CORPORATION-MT,Lulu,The Derma Co,0.0027,77.08,KER
M/S KOTTARAM BUSINESS CORPORATION-MT,Lulu,The Derma Co,0.0211,77.08,KER
M/S KOTTARAM BUSINESS CORPORATION-MT,Lulu,The Derma Co,0.0244,77.08,KER
M/S KOTTARAM BUSINESS CORPORATION-MT,Lulu,The Derma Co,0.0091,77.08,KER
M/S KOTTARAM BUSINESS CORPORATION-MT,Lulu,Aqualogica,0.0016,98.13,KER
M/S KOTTARAM BUSINESS CORPORATION-MT,Lulu,Aqualogica,0.0003,98.13,KER
M/S KOTTARAM BUSINESS CORPORATION-MT,Lulu,Aqualogica,0.0015,98.13,KER
M/S KOTTARAM BUSINESS CORPORATION-MT,Lulu,Mamaearth,0.0089,75.48,KER
M/S KOTTARAM BUSINESS CORPORATION-MT,Lulu,The Derma Co,0.0009,77.08,KER
M/S KOTTARAM BUSINESS CORPORATION-MT,Lulu,The Derma Co,0.0014,77.08,KER
M/S KOTTARAM BUSINESS CORPORATION-MT,Lulu,The Derma Co,0.0444,77.08,KER
M/S KOTTARAM BUSINESS CORPORATION-MT,Lulu,Aqualogica,0.0006,98.13,KER
M/S KOTTARAM BUSINESS CORPORATION-MT,Lulu,The Derma Co,0.0,77.08,KER
M/S KOTTARAM BUSINESS CORPORATION-MT,Lulu,The Derma Co,0.0,77.08,KER
M/S KOTTARAM BUSINESS CORPORATION-MT,Lulu,Mamaearth,0.0047,75.48,KER
M/S KOTTARAM BUSINESS CORPORATION-MT,Lulu,The Derma Co,0.0021,77.08,KER
M/S KOTTARAM BUSINESS CORPORATION-MT,Lulu,Mamaearth,0.0023,75.48,KER
M/S KOTTARAM BUSINESS CORPORATION-MT,Lulu,The Derma Co,0.0056,77.08,KER
M/S KOTTARAM BUSINESS CORPORATION-MT,Lulu,The Derma Co,0.0021,77.08,KER
M/S KOTTARAM BUSINESS CORPORATION-MT,Lulu,The Derma Co,0.003,77.08,KER
M/S KOTTARAM BUSINESS CORPORATION-MT,Lulu,Aqualogica,0.0006,98.13,KER
M/S KOTTARAM BUSINESS CORPORATION-MT,Lulu,The Derma Co,0.0029,77.08,KER
M/S KOTTARAM BUSINESS CORPORATION-MT,Lulu,Mamaearth,0.0016,75.48,KER
M/S KOTTARAM BUSINESS CORPORATION-MT,Lulu,The Derma Co,0.0006,77.08,KER
M/S KOTTARAM BUSINESS CORPORATION-MT,Lulu,The Derma Co,0.005,77.08,KER
M/S KOTTARAM BUSINESS CORPORATION-MT,Lulu,The Derma Co,0.0012,77.08,KER
M/S KOTTARAM BUSINESS CORPORATION-MT,Lulu,Mamaearth,0.0012,75.48,KER
M/S KOTTARAM BUSINESS CORPORATION-MT,Lulu,The Derma Co,0.0025,77.08,KER
M/S KOTTARAM BUSINESS CORPORATION-MT,Lulu,Mamaearth,0.0018,75.48,KER
M/S KOTTARAM BUSINESS CORPORATION-MT,Lulu,Mamaearth,0.0035,75.48,KER
M/S KOTTARAM BUSINESS CORPORATION-MT,Lulu,The Derma Co,0.0018,77.08,KER
M/S KOTTARAM BUSINESS CORPORATION-MT,Lulu,Aqualogica,0.0,98.13,KER
M/S KOTTARAM BUSINESS CORPORATION-MT,Lulu,The Derma Co,0.0055,77.08,KER
M/S KOTTARAM BUSINESS CORPORATION-MT,Lulu,The Derma Co,0.0021,77.08,KER
M/S KOTTARAM BUSINESS CORPORATION-MT,Lulu,Mamaearth,0.0004,75.48,KER
M/S KOTTARAM BUSINESS CORPORATION-MT,Lulu,Mamaearth,0.0005,75.48,KER
M/S KOTTARAM BUSINESS CORPORATION-MT,Lulu,Mamaearth,0.0006,75.48,KER
M/S KOTTARAM BUSINESS CORPORATION-MT,Lulu,Mamaearth,0.003,75.48,KER
M/S KOTTARAM BUSINESS CORPORATION-MT,Lulu,Mamaearth,0.0005,75.48,KER
M/S KOTTARAM BUSINESS CORPORATION-MT,Lulu,The Derma Co,0.0053,77.08,KER
M/S KOTTARAM BUSINESS CORPORATION-MT,Lulu,Mamaearth,0.0044,75.48,KER
M/S KOTTARAM BUSINESS CORPORATION-MT,Lulu,Mamaearth,0.0024,75.48,KER
M/S KOTTARAM BUSINESS CORPORATION-MT,Lulu,Mamaearth,0.0105,75.48,KER
M/S KOTTARAM BUSINESS CORPORATION-MT,Lulu,Mamaearth,0.0005,75.48,KER
M/S KOTTARAM BUSINESS CORPORATION-MT,Lulu,Mamaearth,0.012,75.48,KER
M/S KOTTARAM BUSINESS CORPORATION-MT,Lulu,Aqualogica,0.0035,98.13,KER
M/S KOTTARAM BUSINESS CORPORATION-MT,Lulu,Mamaearth,0.003,75.48,KER
M/S KOTTARAM BUSINESS CORPORATION-MT,Lulu,The Derma Co,0.0033,77.08,KER
M/S KOTTARAM BUSINESS CORPORATION-MT,Lulu,The Derma Co,0.003,77.08,KER
M/S KOTTARAM BUSINESS CORPORATION-MT,Lulu,Mamaearth,0.0054,75.48,KER
M/S KOTTARAM BUSINESS CORPORATION-MT,Lulu,The Derma Co,0.003,77.08,KER
M/S KOTTARAM BUSINESS CORPORATION-MT,Lulu,Mamaearth,0.0013,75.48,KER
M/S KOTTARAM BUSINESS CORPORATION-MT,Lulu,Mamaearth,0.0014,75.48,KER
M/S KOTTARAM BUSINESS CORPORATION-MT,Lulu,Mamaearth,0.0006,75.48,KER
M/S KOTTARAM BUSINESS CORPORATION-MT,Lulu,Mamaearth,0.0007,75.48,KER
M/S KOTTARAM BUSINESS CORPORATION-MT,Lulu,Aqualogica,0.0006,98.13,KER
M/S KOTTARAM BUSINESS CORPORATION-MT,Lulu,Mamaearth,0.0004,75.48,KER
M/S KOTTARAM BUSINESS CORPORATION-MT,Lulu,Mamaearth,0.0014,75.48,KER
M/S KOTTARAM BUSINESS CORPORATION-MT,Lulu,Mamaearth,0.0007,75.48,KER
M/S KOTTARAM BUSINESS CORPORATION-MT,Lulu,Mamaearth,0.0024,75.48,KER
M/S KOTTARAM BUSINESS CORPORATION-MT,Lulu,The Derma Co,0.0091,77.08,KER
M/S KOTTARAM BUSINESS CORPORATION-MT,Lulu,The Derma Co,0.0096,77.08,KER
M/S KOTTARAM BUSINESS CORPORATION-MT,Lulu,The Derma Co,0.0045,77.08,KER
M/S KOTTARAM BUSINESS CORPORATION-MT,Lulu,The Derma Co,0.0032,77.08,KER
M/S KOTTARAM BUSINESS CORPORATION-MT,Lulu,Mamaearth,0.0,75.48,KER
M/S KOTTARAM BUSINESS CORPORATION-MT,Lulu,The Derma Co,0.0,77.08,KER
M/S KOTTARAM BUSINESS CORPORATION-MT,Lulu,The Derma Co,0.0,77.08,KER
M/S KOTTARAM BUSINESS CORPORATION-MT,Lulu,Mamaearth,0.0,75.48,KER
M/S KOTTARAM BUSINESS CORPORATION-MT,Lulu,The Derma Co,0.0,77.08,KER
VENKATESHWARA AGENCIES-TG,Lulu,Mamaearth,0.0,6.36,TG
VENKATESHWARA AGENCIES-TG,Lulu,The Derma Co,0.0003,17.54,TG
VENKATESHWARA AGENCIES-TG,Lulu,Mamaearth,0.0,6.36,TG
VENKATESHWARA AGENCIES-TG,Lulu,Mamaearth,0.0,6.36,TG
VENKATESHWARA AGENCIES-TG,Lulu,Mamaearth,0.0,6.36,TG
VENKATESHWARA AGENCIES-TG,Lulu,Mamaearth,0.0,6.36,TG
VENKATESHWARA AGENCIES-TG,Lulu,The Derma Co,0.0003,17.54,TG
VENKATESHWARA AGENCIES-TG,Lulu,The Derma Co,0.0041,17.54,TG
VENKATESHWARA AGENCIES-TG,Lulu,Mamaearth,0.0,6.36,TG
VENKATESHWARA AGENCIES-TG,Lulu,Mamaearth,0.0001,6.36,TG
VENKATESHWARA AGENCIES-TG,Lulu,The Derma Co,0.0,17.54,TG
VENKATESHWARA AGENCIES-TG,Lulu,Mamaearth,0.0001,6.36,TG
VENKATESHWARA AGENCIES-TG,Lulu,Aqualogica,0.0001,19.66,TG
VENKATESHWARA AGENCIES-TG,Lulu,Mamaearth,0.0,6.36,TG
VENKATESHWARA AGENCIES-TG,Lulu,Mamaearth,0.0001,6.36,TG
VENKATESHWARA AGENCIES-TG,Lulu,BBlunt,0.0,0.0,TG
VENKATESHWARA AGENCIES-TG,Lulu,Mamaearth,0.0,6.36,TG
VENKATESHWARA AGENCIES-TG,Lulu,Aqualogica,0.0001,19.66,TG
VENKATESHWARA AGENCIES-TG,Lulu,The Derma Co,0.0001,17.54,TG
VENKATESHWARA AGENCIES-TG,Lulu,The Derma Co,0.0002,17.54,TG
VENKATESHWARA AGENCIES-TG,Lulu,Mamaearth,0.0001,6.36,TG
VENKATESHWARA AGENCIES-TG,Lulu,Mamaearth,0.0,6.36,TG
VENKATESHWARA AGENCIES-TG,Lulu,The Derma Co,0.0001,17.54,TG
VENKATESHWARA AGENCIES-TG,Lulu,Mamaearth,0.0,6.36,TG
VENKATESHWARA AGENCIES-TG,Lulu,The Derma Co,0.0001,17.54,TG
VENKATESHWARA AGENCIES-TG,Lulu,BBlunt,0.0,0.0,TG
VENKATESHWARA AGENCIES-TG,Lulu,Aqualogica,0.0001,19.66,TG
VENKATESHWARA AGENCIES-TG,Lulu,Aqualogica,0.0001,19.66,TG
VENKATESHWARA AGENCIES-TG,Lulu,Mamaearth,0.0,6.36,TG
VENKATESHWARA AGENCIES-TG,Lulu,The Derma Co,0.0,17.54,TG
VENKATESHWARA AGENCIES-TG,Lulu,Mamaearth,0.0012,6.36,TG
VENKATESHWARA AGENCIES-TG,Lulu,Mamaearth,0.0011,6.36,TG
VENKATESHWARA AGENCIES-TG,Lulu,Mamaearth,0.0001,6.36,TG
VENKATESHWARA AGENCIES-TG,Lulu,Mamaearth,0.0002,6.36,TG
VENKATESHWARA AGENCIES-TG,Lulu,Mamaearth,0.0016,6.36,TG
VENKATESHWARA AGENCIES-TG,Lulu,Mamaearth,0.0009,6.36,TG
VENKATESHWARA AGENCIES-TG,Lulu,Mamaearth,0.0011,6.36,TG
VENKATESHWARA AGENCIES-TG,Lulu,The Derma Co,0.0098,17.54,TG
VENKATESHWARA AGENCIES-TG,Lulu,The Derma Co,0.0019,17.54,TG
VENKATESHWARA AGENCIES-TG,Lulu,Mamaearth,0.0005,6.36,TG
VENKATESHWARA AGENCIES-TG,Lulu,Mamaearth,0.0015,6.36,TG
VENKATESHWARA AGENCIES-TG,Lulu,Mamaearth,0.0009,6.36,TG
VENKATESHWARA AGENCIES-TG,Lulu,Mamaearth,0.0009,6.36,TG
VENKATESHWARA AGENCIES-TG,Lulu,Mamaearth,0.0007,6.36,TG
VENKATESHWARA AGENCIES-TG,Lulu,Mamaearth,0.0006,6.36,TG
VENKATESHWARA AGENCIES-TG,Lulu,Mamaearth,0.0002,6.36,TG
VENKATESHWARA AGENCIES-TG,Lulu,The Derma Co,0.0077,17.54,TG
VENKATESHWARA AGENCIES-TG,Lulu,Mamaearth,0.0003,6.36,TG
VENKATESHWARA AGENCIES-TG,Lulu,Mamaearth,0.0005,6.36,TG
VENKATESHWARA AGENCIES-TG,Lulu,Mamaearth,0.0005,6.36,TG
VENKATESHWARA AGENCIES-TG,Lulu,Mamaearth,0.0005,6.36,TG
VENKATESHWARA AGENCIES-TG,Lulu,Mamaearth,0.0002,6.36,TG
VENKATESHWARA AGENCIES-TG,Lulu,Mamaearth,0.0005,6.36,TG
VENKATESHWARA AGENCIES-TG,Lulu,Mamaearth,0.0011,6.36,TG
VENKATESHWARA AGENCIES-TG,Lulu,The Derma Co,0.0005,17.54,TG
VENKATESHWARA AGENCIES-TG,Lulu,Mamaearth,0.0012,6.36,TG
VENKATESHWARA AGENCIES-TG,Lulu,Mamaearth,0.0002,6.36,TG
VENKATESHWARA AGENCIES-TG,Lulu,Mamaearth,0.0007,6.36,TG
VENKATESHWARA AGENCIES-TG,Lulu,Mamaearth,0.0001,6.36,TG
VENKATESHWARA AGENCIES-TG,Lulu,BBlunt,0.0,0.0,TG
VENKATESHWARA AGENCIES-TG,Lulu,Mamaearth,0.0002,6.36,TG
VENKATESHWARA AGENCIES-TG,Lulu,Mamaearth,0.0012,6.36,TG
VENKATESHWARA AGENCIES-TG,Lulu,Mamaearth,0.0003,6.36,TG
VENKATESHWARA AGENCIES-TG,Lulu,BBlunt,0.0,0.0,TG
VENKATESHWARA AGENCIES-TG,Lulu,Mamaearth,0.0001,6.36,TG
VENKATESHWARA AGENCIES-TG,Lulu,Mamaearth,0.0002,6.36,TG
VENKATESHWARA AGENCIES-TG,Lulu,Mamaearth,0.0001,6.36,TG
VENKATESHWARA AGENCIES-TG,Lulu,Aqualogica,0.0007,19.66,TG
VENKATESHWARA AGENCIES-TG,Lulu,Mamaearth,0.0008,6.36,TG
VENKATESHWARA AGENCIES-TG,Lulu,The Derma Co,0.0005,17.54,TG
VENKATESHWARA AGENCIES-TG,Lulu,Mamaearth,0.0001,6.36,TG
VENKATESHWARA AGENCIES-TG,Lulu,Mamaearth,0.0,6.36,TG
VENKATESHWARA AGENCIES-TG,Lulu,Mamaearth,0.0001,6.36,TG
VENKATESHWARA AGENCIES-TG,Lulu,Mamaearth,0.0002,6.36,TG
VENKATESHWARA AGENCIES-TG,Lulu,Mamaearth,0.0003,6.36,TG
VENKATESHWARA AGENCIES-TG,Lulu,Mamaearth,0.0002,6.36,TG
VENKATESHWARA AGENCIES-TG,Lulu,Mamaearth,0.0001,6.36,TG
VENKATESHWARA AGENCIES-TG,Lulu,The Derma Co,0.001,17.54,TG
VENKATESHWARA AGENCIES-TG,Lulu,The Derma Co,0.0004,17.54,TG
VENKATESHWARA AGENCIES-TG,Lulu,Mamaearth,0.0001,6.36,TG
VENKATESHWARA AGENCIES-TG,Lulu,Mamaearth,0.0002,6.36,TG
VENKATESHWARA AGENCIES-TG,Lulu,Mamaearth,0.0001,6.36,TG
VENKATESHWARA AGENCIES-TG,Lulu,Mamaearth,0.0,6.36,TG
VENKATESHWARA AGENCIES-TG,Lulu,Mamaearth,0.0006,6.36,TG
VENKATESHWARA AGENCIES-TG,Lulu,Mamaearth,0.0005,6.36,TG
VENKATESHWARA AGENCIES-TG,Lulu,Mamaearth,0.0001,6.36,TG
VENKATESHWARA AGENCIES-TG,Lulu,Mamaearth,0.0002,6.36,TG
VENKATESHWARA AGENCIES-TG,Lulu,Mamaearth,0.0001,6.36,TG
VENKATESHWARA AGENCIES-TG,Lulu,The Derma Co,0.001,17.54,TG
VENKATESHWARA AGENCIES-TG,Lulu,Mamaearth,0.0,6.36,TG
VENKATESHWARA AGENCIES-TG,Lulu,The Derma Co,0.0001,17.54,TG
VENKATESHWARA AGENCIES-TG,Lulu,Mamaearth,0.0001,6.36,TG
VENKATESHWARA AGENCIES-TG,Lulu,Mamaearth,0.0007,6.36,TG
VENKATESHWARA AGENCIES-TG,Lulu,Mamaearth,0.0001,6.36,TG
VENKATESHWARA AGENCIES-TG,Lulu,BBlunt,0.0,0.0,TG
VENKATESHWARA AGENCIES-TG,Lulu,Mamaearth,0.0006,6.36,TG
VENKATESHWARA AGENCIES-TG,Lulu,The Derma Co,0.0002,17.54,TG
VENKATESHWARA AGENCIES-TG,Lulu,Mamaearth,0.0004,6.36,TG
VENKATESHWARA AGENCIES-TG,Lulu,Mamaearth,0.0001,6.36,TG
VENKATESHWARA AGENCIES-TG,Lulu,BBlunt,0.0,0.0,TG
VENKATESHWARA AGENCIES-TG,Lulu,Mamaearth,0.0015,6.36,TG
VENKATESHWARA AGENCIES-TG,Lulu,Mamaearth,0.0006,6.36,TG
VENKATESHWARA AGENCIES-TG,Lulu,Mamaearth,0.0003,6.36,TG
VENKATESHWARA AGENCIES-TG,Lulu,Mamaearth,0.0,6.36,TG
VENKATESHWARA AGENCIES-TG,Lulu,Mamaearth,0.001,6.36,TG
VENKATESHWARA AGENCIES-TG,Lulu,Mamaearth,0.0001,6.36,TG
VENKATESHWARA AGENCIES-TG,Lulu,The Derma Co,0.0014,17.54,TG
VENKATESHWARA AGENCIES-TG,Lulu,The Derma Co,0.001,17.54,TG
VENKATESHWARA AGENCIES-TG,Lulu,Mamaearth,0.0,6.36,TG
VENKATESHWARA AGENCIES-TG,Lulu,Mamaearth,0.0002,6.36,TG
VENKATESHWARA AGENCIES-TG,Lulu,Mamaearth,0.0001,6.36,TG
VENKATESHWARA AGENCIES-TG,Lulu,Mamaearth,0.0003,6.36,TG
VENKATESHWARA AGENCIES-TG,Lulu,Mamaearth,0.0001,6.36,TG
VENKATESHWARA AGENCIES-TG,Lulu,Mamaearth,0.0,6.36,TG
VENKATESHWARA AGENCIES-TG,Lulu,Mamaearth,0.0002,6.36,TG
VENKATESHWARA AGENCIES-TG,Lulu,Mamaearth,0.0001,6.36,TG
VENKATESHWARA AGENCIES-TG,Lulu,Mamaearth,0.0002,6.36,TG
VENKATESHWARA AGENCIES-TG,Lulu,Mamaearth,0.0,6.36,TG
VENKATESHWARA AGENCIES-TG,Lulu,Aqualogica,0.0001,19.66,TG
VENKATESHWARA AGENCIES-TG,Lulu,Mamaearth,0.0001,6.36,TG
VENKATESHWARA AGENCIES-TG,Lulu,Mamaearth,0.0,6.36,TG
VENKATESHWARA AGENCIES-TG,Lulu,Mamaearth,0.0001,6.36,TG
VENKATESHWARA AGENCIES-TG,Lulu,BBlunt,0.0,0.0,TG
VENKATESHWARA AGENCIES-TG,Lulu,Mamaearth,0.0002,6.36,TG
VENKATESHWARA AGENCIES-TG,Lulu,Aqualogica,0.0001,19.66,TG
VENKATESHWARA AGENCIES-TG,Lulu,Mamaearth,0.0001,6.36,TG
VENKATESHWARA AGENCIES-TG,Lulu,Mamaearth,0.0003,6.36,TG
VENKATESHWARA AGENCIES-TG,Lulu,The Derma Co,0.0,17.54,TG
VENKATESHWARA AGENCIES-TG,Lulu,Mamaearth,0.0,6.36,TG
VENKATESHWARA AGENCIES-TG,Lulu,Mamaearth,0.0001,6.36,TG
VENKATESHWARA AGENCIES-TG,Lulu,Mamaearth,0.0001,6.36,TG
VENKATESHWARA AGENCIES-TG,Lulu,The Derma Co,0.0,17.54,TG
VENKATESHWARA AGENCIES-TG,Lulu,Mamaearth,0.0001,6.36,TG
VENKATESHWARA AGENCIES-TG,Lulu,The Derma Co,0.0002,17.54,TG
VENKATESHWARA AGENCIES-TG,Lulu,Aqualogica,0.0001,19.66,TG
VENKATESHWARA AGENCIES-TG,Lulu,The Derma Co,0.0003,17.54,TG
VENKATESHWARA AGENCIES-TG,Lulu,Mamaearth,0.0005,6.36,TG
VENKATESHWARA AGENCIES-TG,Lulu,Mamaearth,0.0007,6.36,TG
VENKATESHWARA AGENCIES-TG,Lulu,Mamaearth,0.0001,6.36,TG
VENKATESHWARA AGENCIES-TG,Lulu,Mamaearth,0.0001,6.36,TG
VENKATESHWARA AGENCIES-TG,Lulu,The Derma Co,0.0,17.54,TG
VENKATESHWARA AGENCIES-TG,Lulu,The Derma Co,0.0006,17.54,TG
VENKATESHWARA AGENCIES-TG,Lulu,The Derma Co,0.0023,17.54,TG
VENKATESHWARA AGENCIES-TG,Lulu,The Derma Co,0.0021,17.54,TG
VENKATESHWARA AGENCIES-TG,Lulu,Mamaearth,0.0001,6.36,TG
VENKATESHWARA AGENCIES-TG,Lulu,The Derma Co,0.0002,17.54,TG
VENKATESHWARA AGENCIES-TG,Lulu,Mamaearth,0.0002,6.36,TG
VENKATESHWARA AGENCIES-TG,Lulu,BBlunt,0.0,0.0,TG
VENKATESHWARA AGENCIES-TG,Lulu,Mamaearth,0.0002,6.36,TG
VENKATESHWARA AGENCIES-TG,Lulu,The Derma Co,0.0014,17.54,TG
VENKATESHWARA AGENCIES-TG,Lulu,Mamaearth,0.0001,6.36,TG
VENKATESHWARA AGENCIES-TG,Lulu,The Derma Co,0.0,17.54,TG
VENKATESHWARA AGENCIES-TG,Lulu,Mamaearth,0.0001,6.36,TG
VENKATESHWARA AGENCIES-TG,Lulu,The Derma Co,0.0002,17.54,TG
VENKATESHWARA AGENCIES-TG,Lulu,Mamaearth,0.0001,6.36,TG
VENKATESHWARA AGENCIES-TG,Lulu,Mamaearth,0.0001,6.36,TG
VENKATESHWARA AGENCIES-TG,Lulu,Mamaearth,0.0001,6.36,TG
VENKATESHWARA AGENCIES-TG,Lulu,The Derma Co,0.0008,17.54,TG
VENKATESHWARA AGENCIES-TG,Lulu,The Derma Co,0.0002,17.54,TG
VENKATESHWARA AGENCIES-TG,Lulu,Mamaearth,0.0002,6.36,TG
VENKATESHWARA AGENCIES-TG,Lulu,Mamaearth,0.0007,6.36,TG
VENKATESHWARA AGENCIES-TG,Lulu,The Derma Co,0.0009,17.54,TG
VENKATESHWARA AGENCIES-TG,Lulu,Mamaearth,0.0004,6.36,TG
VENKATESHWARA AGENCIES-TG,Lulu,The Derma Co,0.0007,17.54,TG
VENKATESHWARA AGENCIES-TG,Lulu,Mamaearth,0.0001,6.36,TG
VENKATESHWARA AGENCIES-TG,Lulu,Mamaearth,0.0002,6.36,TG
VENKATESHWARA AGENCIES-TG,Lulu,The Derma Co,0.0014,17.54,TG
VENKATESHWARA AGENCIES-TG,Lulu,Mamaearth,0.0001,6.36,TG
VENKATESHWARA AGENCIES-TG,Lulu,Mamaearth,0.0002,6.36,TG
VENKATESHWARA AGENCIES-TG,Lulu,BBlunt,0.0,0.0,TG
VENKATESHWARA AGENCIES-TG,Lulu,The Derma Co,0.0002,17.54,TG
VENKATESHWARA AGENCIES-TG,Lulu,Mamaearth,0.0,6.36,TG
VENKATESHWARA AGENCIES-TG,Lulu,Mamaearth,0.0001,6.36,TG
VENKATESHWARA AGENCIES-TG,Lulu,Mamaearth,0.0001,6.36,TG
VENKATESHWARA AGENCIES-TG,Lulu,The Derma Co,0.0004,17.54,TG
VENKATESHWARA AGENCIES-TG,Lulu,Mamaearth,0.0002,6.36,TG
VENKATESHWARA AGENCIES-TG,Lulu,Mamaearth,0.0005,6.36,TG
VENKATESHWARA AGENCIES-TG,Lulu,Mamaearth,0.0,6.36,TG
VENKATESHWARA AGENCIES-TG,Lulu,The Derma Co,0.0017,17.54,TG
VENKATESHWARA AGENCIES-TG,Lulu,Mamaearth,0.0001,6.36,TG
VENKATESHWARA AGENCIES-TG,Lulu,BBlunt,0.0,0.0,TG
VENKATESHWARA AGENCIES-TG,Lulu,Mamaearth,0.0002,6.36,TG
VENKATESHWARA AGENCIES-TG,Lulu,BBlunt,0.0,0.0,TG
VENKATESHWARA AGENCIES-TG,Lulu,Mamaearth,0.0002,6.36,TG
VENKATESHWARA AGENCIES-TG,Lulu,Mamaearth,0.0,6.36,TG
VENKATESHWARA AGENCIES-TG,Lulu,Mamaearth,0.0,6.36,TG
VENKATESHWARA AGENCIES-TG,Lulu,Mamaearth,0.0001,6.36,TG
VENKATESHWARA AGENCIES-TG,Lulu,Mamaearth,0.0001,6.36,TG
VENKATESHWARA AGENCIES-TG,Lulu,Mamaearth,0.0002,6.36,TG
VENKATESHWARA AGENCIES-TG,Lulu,Mamaearth,0.0002,6.36,TG
VENKATESHWARA AGENCIES-TG,Lulu,Mamaearth,0.0005,6.36,TG
VENKATESHWARA AGENCIES-TG,Lulu,Mamaearth,0.0002,6.36,TG
VENKATESHWARA AGENCIES-TG,Lulu,Mamaearth,0.0003,6.36,TG
VENKATESHWARA AGENCIES-TG,Lulu,The Derma Co,0.0012,17.54,TG
VENKATESHWARA AGENCIES-TG,Lulu,The Derma Co,0.005,17.54,TG
VENKATESHWARA AGENCIES-TG,Lulu,Mamaearth,0.0001,6.36,TG
VENKATESHWARA AGENCIES-TG,Lulu,Mamaearth,0.0001,6.36,TG
VENKATESHWARA AGENCIES-TG,Lulu,Mamaearth,0.0001,6.36,TG
VENKATESHWARA AGENCIES-TG,Lulu,Mamaearth,0.0003,6.36,TG
VENKATESHWARA AGENCIES-TG,Lulu,Mamaearth,0.0001,6.36,TG
VENKATESHWARA AGENCIES-TG,Lulu,Mamaearth,0.0002,6.36,TG
VENKATESHWARA AGENCIES-TG,Lulu,Mamaearth,0.0001,6.36,TG
VENKATESHWARA AGENCIES-TG,Lulu,The Derma Co,0.0007,17.54,TG
VENKATESHWARA AGENCIES-TG,Lulu,The Derma Co,0.0008,17.54,TG
VENKATESHWARA AGENCIES-TG,Lulu,Mamaearth,0.001,6.36,TG
VENKATESHWARA AGENCIES-TG,Lulu,Mamaearth,0.0001,6.36,TG
VENKATESHWARA AGENCIES-TG,Lulu,Aqualogica,0.001,19.66,TG
VENKATESHWARA AGENCIES-TG,Lulu,Mamaearth,0.0001,6.36,TG
VENKATESHWARA AGENCIES-TG,Lulu,Mamaearth,0.0001,6.36,TG
VENKATESHWARA AGENCIES-TG,Lulu,Mamaearth,0.0003,6.36,TG
VENKATESHWARA AGENCIES-TG,Lulu,Mamaearth,0.0002,6.36,TG
VENKATESHWARA AGENCIES-TG,Lulu,Mamaearth,0.0003,6.36,TG
VENKATESHWARA AGENCIES-TG,Lulu,Mamaearth,0.0001,6.36,TG
VENKATESHWARA AGENCIES-TG,Lulu,Mamaearth,0.0002,6.36,TG
VENKATESHWARA AGENCIES-TG,Lulu,Mamaearth,0.0003,6.36,TG
VENKATESHWARA AGENCIES-TG,Lulu,Mamaearth,0.0001,6.36,TG
VENKATESHWARA AGENCIES-TG,Lulu,Mamaearth,0.0002,6.36,TG
VENKATESHWARA AGENCIES-TG,Lulu,Mamaearth,0.0001,6.36,TG
VENKATESHWARA AGENCIES-TG,Lulu,Mamaearth,0.0002,6.36,TG
VENKATESHWARA AGENCIES-TG,Lulu,Mamaearth,0.0002,6.36,TG
VENKATESHWARA AGENCIES-TG,Lulu,Mamaearth,0.0,6.36,TG
VENKATESHWARA AGENCIES-TG,Lulu,Mamaearth,0.0007,6.36,TG
VENKATESHWARA AGENCIES-TG,Lulu,Mamaearth,0.0004,6.36,TG
VENKATESHWARA AGENCIES-TG,Lulu,The Derma Co,0.0019,17.54,TG
VENKATESHWARA AGENCIES-TG,Lulu,The Derma Co,0.002,17.54,TG
VENKATESHWARA AGENCIES-TG,Lulu,Mamaearth,0.0002,6.36,TG
VENKATESHWARA AGENCIES-TG,Lulu,Mamaearth,0.0017,6.36,TG
VENKATESHWARA AGENCIES-TG,Lulu,Mamaearth,0.0003,6.36,TG
VENKATESHWARA AGENCIES-TG,Lulu,Mamaearth,0.0005,6.36,TG
VENKATESHWARA AGENCIES-TG,Lulu,The Derma Co,0.0013,17.54,TG
VENKATESHWARA AGENCIES-TG,Lulu,Mamaearth,0.0,6.36,TG
VENKATESHWARA AGENCIES-TG,Lulu,Mamaearth,0.0011,6.36,TG
VENKATESHWARA AGENCIES-TG,Lulu,Mamaearth,0.0013,6.36,TG
VENKATESHWARA AGENCIES-TG,Lulu,The Derma Co,0.0009,17.54,TG
VENKATESHWARA AGENCIES-TG,Lulu,Mamaearth,0.0005,6.36,TG
VENKATESHWARA AGENCIES-TG,Lulu,The Derma Co,0.0017,17.54,TG
VENKATESHWARA AGENCIES-TG,Lulu,The Derma Co,0.0008,17.54,TG
VENKATESHWARA AGENCIES-TG,Lulu,Mamaearth,0.0012,6.36,TG
VENKATESHWARA AGENCIES-TG,Lulu,Mamaearth,0.0001,6.36,TG
VENKATESHWARA AGENCIES-TG,Lulu,The Derma Co,0.0001,17.54,TG
VENKATESHWARA AGENCIES-TG,Lulu,The Derma Co,0.001,17.54,TG
VENKATESHWARA AGENCIES-TG,Lulu,The Derma Co,0.0024,17.54,TG
VENKATESHWARA AGENCIES-TG,Lulu,Mamaearth,0.0,6.36,TG
VENKATESHWARA AGENCIES-TG,Lulu,The Derma Co,0.0025,17.54,TG
VENKATESHWARA AGENCIES-TG,Lulu,Mamaearth,0.0014,6.36,TG
VENKATESHWARA AGENCIES-TG,Lulu,Mamaearth,0.0004,6.36,TG
VENKATESHWARA AGENCIES-TG,Lulu,Mamaearth,0.0003,6.36,TG
VENKATESHWARA AGENCIES-TG,Lulu,Mamaearth,0.0005,6.36,TG
VENKATESHWARA AGENCIES-TG,Lulu,Mamaearth,0.0011,6.36,TG
VENKATESHWARA AGENCIES-TG,Lulu,The Derma Co,0.0044,17.54,TG
VENKATESHWARA AGENCIES-TG,Lulu,Mamaearth,0.0008,6.36,TG
VENKATESHWARA AGENCIES-TG,Lulu,Mamaearth,0.0003,6.36,TG
VENKATESHWARA AGENCIES-TG,Lulu,The Derma Co,0.0003,17.54,TG
VENKATESHWARA AGENCIES-TG,Lulu,The Derma Co,0.001,17.54,TG
VENKATESHWARA AGENCIES-TG,Lulu,Mamaearth,0.0001,6.36,TG
VENKATESHWARA AGENCIES-TG,Lulu,Mamaearth,0.0007,6.36,TG
VENKATESHWARA AGENCIES-TG,Lulu,Mamaearth,0.0002,6.36,TG
VENKATESHWARA AGENCIES-TG,Lulu,The Derma Co,0.0001,17.54,TG
VENKATESHWARA AGENCIES-TG,Lulu,The Derma Co,0.0004,17.54,TG
VENKATESHWARA AGENCIES-TG,Lulu,Mamaearth,0.002,6.36,TG
VENKATESHWARA AGENCIES-TG,Lulu,The Derma Co,0.0001,17.54,TG
VENKATESHWARA AGENCIES-TG,Lulu,The Derma Co,0.0002,17.54,TG
VENKATESHWARA AGENCIES-TG,Lulu,Mamaearth,0.0004,6.36,TG
VENKATESHWARA AGENCIES-TG,Lulu,Mamaearth,0.0,6.36,TG
VENKATESHWARA AGENCIES-TG,Lulu,The Derma Co,0.0002,17.54,TG
VENKATESHWARA AGENCIES-TG,Lulu,Mamaearth,0.0004,6.36,TG
VENKATESHWARA AGENCIES-TG,Lulu,The Derma Co,0.0056,17.54,TG
VENKATESHWARA AGENCIES-TG,Lulu,The Derma Co,0.0032,17.54,TG
VENKATESHWARA AGENCIES-TG,Lulu,The Derma Co,0.0001,17.54,TG
VENKATESHWARA AGENCIES-TG,Lulu,Mamaearth,0.0005,6.36,TG
VENKATESHWARA AGENCIES-TG,Lulu,Mamaearth,0.0002,6.36,TG
VENKATESHWARA AGENCIES-TG,Lulu,The Derma Co,0.0077,17.54,TG
VENKATESHWARA AGENCIES-TG,Lulu,Mamaearth,0.0002,6.36,TG
VENKATESHWARA AGENCIES-TG,Lulu,The Derma Co,0.0009,17.54,TG
VENKATESHWARA AGENCIES-TG,Lulu,The Derma Co,0.0017,17.54,TG
VENKATESHWARA AGENCIES-TG,Lulu,Mamaearth,0.0002,6.36,TG
VENKATESHWARA AGENCIES-TG,Lulu,The Derma Co,0.0018,17.54,TG
VENKATESHWARA AGENCIES-TG,Lulu,Mamaearth,0.0011,6.36,TG
VENKATESHWARA AGENCIES-TG,Lulu,Mamaearth,0.0009,6.36,TG
VENKATESHWARA AGENCIES-TG,Lulu,Mamaearth,0.0003,6.36,TG
VENKATESHWARA AGENCIES-TG,Lulu,Mamaearth,0.0006,6.36,TG
VENKATESHWARA AGENCIES-TG,Lulu,Mamaearth,0.0003,6.36,TG
VENKATESHWARA AGENCIES-TG,Lulu,The Derma Co,0.0022,17.54,TG
VENKATESHWARA AGENCIES-TG,Lulu,Mamaearth,0.0,6.36,TG
VENKATESHWARA AGENCIES-TG,Lulu,The Derma Co,0.0012,17.54,TG
VENKATESHWARA AGENCIES-TG,Lulu,The Derma Co,0.0001,17.54,TG
VENKATESHWARA AGENCIES-TG,Lulu,Mamaearth,0.0007,6.36,TG
VENKATESHWARA AGENCIES-TG,Lulu,The Derma Co,0.0008,17.54,TG
VENKATESHWARA AGENCIES-TG,Lulu,Mamaearth,-0.0,6.36,TG
VENKATESHWARA AGENCIES-TG,Lulu,Mamaearth,-0.0,6.36,TG
VENKATESHWARA AGENCIES-TG,Lulu,Mamaearth,-0.0,6.36,TG
VENKATESHWARA AGENCIES-TG,Lulu,Mamaearth,-0.0,6.36,TG
VENKATESHWARA AGENCIES-TG,Lulu,Mamaearth,0.0,6.36,TG
VENKATESHWARA AGENCIES-TG,Lulu,The Derma Co,0.0,17.54,TG
VENKATESHWARA AGENCIES-TG,Lulu,The Derma Co,0.0,17.54,TG
VENKATESHWARA AGENCIES-TG,Lulu,The Derma Co,0.0,17.54,TG
VENKATESHWARA AGENCIES-TG,Lulu,Mamaearth,0.0,6.36,TG
