Formula_Version,Effective_From,Effective_To,Component,Operator,Expense_Group,Expense_Subgroup,Include_Status,Tax_Basis,Accounting_Status_Allowed,Approved_By,Approval_Date,Status,Notes
v0.2-DRAFT,2026-04-01,,NSV net of tax,BASE,(none),(none),INCLUDE,EXCL_GST,ACTUAL,,,DRAFT,Base measure. Already net of TOT%/on-invoice margin pass-on and tax per build_dashboard_data.py cm2_block methodology. Do not deduct TOT again.
v0.2-DRAFT,2026-04-01,,Approved product cost,SUBTRACT,PRODUCT COST,(all),PENDING_APPROVAL,EXCL_GST,ACTUAL,,,DRAFT,No source file supplied. If CM2 is defined as a post-trade-spend contribution measure rather than a gross-margin measure this component is dropped entirely. Finance decision D1.
v0.2-DRAFT,2026-04-01,,Approved trade expenses,SUBTRACT,TRADE EXPENSE,(all except TOT),PENDING_APPROVAL,EXCL_GST,ACTUAL;PROVISIONAL,,,DRAFT,"Q1 FY27 candidate = 818.45L indirect claim base. TOT excluded because it is already netted in NSV. Balance Provision (1034.01L) deliberately NOT in this component. Finance decisions D2, D3, D4."
v0.2-DRAFT,2026-04-01,,Approved field-force expenses,SUBTRACT,FIELD FORCE COST,(all),PENDING_APPROVAL,EXCL_GST,ACTUAL,,,DRAFT,"Q1 FY27 candidate = 692.94L CTC + 18.22L reimbursement + incentive (26.01L naive, subject to the multi-payout double-count question). Finance decisions D5, D6, D7."
v0.2-DRAFT,2026-04-01,,Approved visibility/rental expenses,SUBTRACT,VISIBILITY AND RENTAL,(all),PENDING_APPROVAL,EXCL_GST,ACTUAL,,,DRAFT,No real source file supplied yet - only the 12.5L PL_Expense_Input.csv example row.
v0.2-DRAFT,2026-04-01,,Approved logistics cost,SUBTRACT,LOGISTICS COST,(all),PENDING_APPROVAL,EXCL_GST,ACTUAL,,,DRAFT,Rate card supplied 2026-07-24. Q1 FY27 computed = 445.97L on NSV basis. Finance decision D10.
v0.2-DRAFT,2026-04-01,,Other approved CM2 expenses,SUBTRACT,SHARED OR CORPORATE,(all),PENDING_APPROVAL,EXCL_GST,ACTUAL,,,DRAFT,Shared/corporate cost. Even when included in the total it stays unallocated by Brand and Chain unless an allocation rule is approved.
v0.2-DRAFT,2026-04-01,,GST / tax,EXCLUDE,TAX,(all),EXCLUDE,GST_ONLY,(any),,,DRAFT,Never deducted while the base is net-of-tax NSV. Q1 FY27 GST = 122.36L held as memo only.
v0.2-DRAFT,2026-04-01,,Balance provision,EXCLUDE,TRADE EXPENSE,SCHEME PROVISION,EXCLUDE,EXCL_GST,ACCRUED,,,DRAFT,"Carry-forward balance (1034.01L), not a current-period charge. Excluded to prevent the single largest double-count risk. Finance decision D4."
