Channel	Brand	SubCat	Zone	Apr-25	May-25	Jun-25	Jul-25	Aug-25	Sep-25	Oct-25	Nov-25	Dec-25	Jan-26	Feb-26	Mar-26	Apr-26	May-26	Jun-26
EB2B	Mamaearth	Face Cleanser	Pan India	68	70	74	93	73	68	63	74	68	71	74	73	93	96	108
EB2B	Mamaearth	Sun Care	Pan India	24	22	16	14	10	9	9	10	10	12	19	26	37	29	24
EB2B	Mamaearth	Shampoo	Pan India	14	14	15	18	15	14	13	14	13	12	11	11	14	13	16
EB2B	Mamaearth	Moisturisers	Pan India	8	6	5	5	4	6	8	11	10	7	7	8	8	7	8
EB2B	Mamaearth	Hair Oil	Pan India	6	5	6	8	7	6	6	6	7	6	5	5	5	5	6
EB2B	Mamaearth	Baby Soap	Pan India	4	4	4	4	3	3	3	3	2	2	2	2	3	3	3
EB2B	Mamaearth	Face Cream	Pan India	4	3	4	4	3	3	3	3	2	3	1	2	3	1	2
EB2B	Mamaearth	Oral	Pan India	2	2	2	2	1	1	1	2	1	1	1	1	2	2	2
EB2B	Mamaearth	Conditioner	Pan India	2	2	2	2	2	2	2	2	1	1	1	1	2	2	2
EB2B	Mamaearth	Face Scrub	Pan India	2	1	2	2	2	2	1	1	1	1	1	1	1	1	1
EB2B	Mamaearth	Dusting Powder	Pan India	1	1	1	1	1	1	1	1	1	1	1	1	1	1	1
EB2B	Mamaearth	Baby Body Wash	Pan India		1	1	1	1	1	1	1	1	0	1	1	1	1	1
EB2B	Mamaearth	Body Gel	Pan India	1	1	1	1	1	1	1	1	1	1	0	1	1	1	1
EB2B	Mamaearth	Face Serum	Pan India	1	1	1	1	1	1	1	1	1	0	0	1	1	1	0
EB2B	Mamaearth	Facial Kit	Pan India	1	1	1	1	0	0	0	1	0	0	1	0	0	0	0
EB2B	Mamaearth	Lipstick	Pan India	1	1	1	1	1	1	1	0	1	0	0	0	0	0	0
EB2B	Mamaearth	Hair Serum	Pan India	0	0	0	0	0	0	0	0	1	0	0	0	0	0	0
EB2B	Mamaearth	Foundation	Pan India	2	1	1	1	1	1	1	1	2	1	1	1	1	0	0
EB2B	Mamaearth	Body Lotion	Pan India	2	1	1	1	1	2	6	9	4	1	0	0	0	0	0
EB2B	Mamaearth	Face Masks	Pan India	1	1	1	1	0	0	0	0	0	0	0	0	0	0	0
EB2B	Mamaearth	Lip Balm	Pan India	0	0	0	0	0	2	3	7	4	1	0	0	0	0	0
EB2B	Mamaearth	Compact	Pan India	1	1	0	0	0	0	0	0	0	0	0	0	0	0	0
EB2B	Mamaearth	Soap	Pan India	1	1	0	0	0	0	0	0	0	0	0	0	0	0	0
EB2B	The Derma Co.	Face Cleanser	Pan India	4	4	3	5	5	6	7	8	8	10	10	10	15	14	16
EB2B	The Derma Co.	Face Serum	Pan India	11	9	9	10	10	8	10	11	17	11	10	9	13	10	9
EB2B	The Derma Co.	Sun Care	Pan India	12	10	7	6	6	5	6	7	4	8	9	10	16	12	9
EB2B	The Derma Co.	Cream	Pan India	1	1	1	1	1	1	0	1		1	1	0	1	1	0
EB2B	The Derma Co.	Lip Balm	Pan India	0	0	0	0	0	0	0	1		0	0	0	0	0	0
EB2B	The Derma Co.	BB Cream	Pan India	0	0	0	0	0				1				0	0	0
EB2B	Aqualogica	Sun Care	Pan India	8	6	4	3	4	4	4	4		4	5	4	6	4	3
EB2B	Aqualogica	Face Cleanser	Pan India	1	1	1	1	1	1	1	1	0	1	1	1	1	1	1
EB2B	Aqualogica	Moisturisers	Pan India	0	0	0	0	0	1	1	1	0	1	0	0	0	0	0
EB2B	BBLUNT	Creme Hair Colour	Pan India	0	1	1	1	0	0	0	0	0	0			0	0	0
EB2B	Dr. Sheth's	Sun Care	Pan India							1	2	2	2	2	2	2	2	1
EB2B	Dr. Sheth's	Moisturisers	Pan India							1	1	1	1	1	1	1	1	0
EB2B	Dr. Sheth's	Face Cleanser	Pan India							0	1	0	0	0	0	0	0	0
MT	Mamaearth	Face Cleanser	EAST	73	92	81	80	103	81	80	80	82	108	98	118	122	138	128
MT	Mamaearth	Face Cleanser	NORTH	177	202	191	187	227	177	199	182	181	198	195	230	247	268	252
MT	Mamaearth	Face Cleanser	SOUTH-1	105	131	123	119	145	128	137	126	129	138	137	144	161	190	173
MT	Mamaearth	Face Cleanser	SOUTH-2	85	96	108	102	98	87	100	93	91	104	101	115	123	145	159
MT	Mamaearth	Face Cleanser	WEST	245	273	258	229	257	216	287	248	217	225	224	260	259	290	308
MT	Mamaearth	Shampoo	EAST	50	69	56	61	99	63	66	67	88	104	71	77	107	122	110
MT	Mamaearth	Shampoo	NORTH	96	122	102	115	159	109	136	119	146	171	134	146	176	189	182
MT	Mamaearth	Shampoo	SOUTH-1	83	105	104	108	128	109	124	107	125	143	119	130	138	170	179
MT	Mamaearth	Shampoo	SOUTH-2	70	76	81	80	84	74	95	87	104	108	92	103	112	119	130
MT	Mamaearth	Shampoo	WEST	113	130	133	128	149	120	168	140	155	162	142	164	169	175	191
MT	Mamaearth	Sun Care	EAST	13	14	12	9	9	8	8	9	9	12	16	19	30	36	25
MT	Mamaearth	Sun Care	NORTH	63	59	45	26	23	21	23	20	22	22	40	72	86	89	66
MT	Mamaearth	Sun Care	SOUTH-1	29	32	23	20	21	21	22	20	22	28	32	51	70	70	53
MT	Mamaearth	Sun Care	SOUTH-2	19	20	15	12	11	10	11	9	9	12	14	31	38	40	29
MT	Mamaearth	Sun Care	WEST	79	64	34	19	20	18	30	21	20	23	45	107	103	88	51
MT	Mamaearth	Body Lotion	EAST	8	8	5	5	5	8	28	58	37	20	10	9	7	5	6
MT	Mamaearth	Body Lotion	NORTH	32	26	18	12	11	22	90	123	95	65	42	42	35	25	22
MT	Mamaearth	Body Lotion	SOUTH-1	24	26	20	18	22	33	55	83	100	78	52	42	32	37	31
MT	Mamaearth	Body Lotion	SOUTH-2	14	12	13	12	12	16	30	79	75	52	24	18	12	12	12
MT	Mamaearth	Body Lotion	WEST	31	22	15	13	14	21	72	144	119	76	38	30	21	16	17
MT	Mamaearth	Body Wash	EAST	5	7	6	5	6	5	6	8	9	11	11	12	14	13	15
MT	Mamaearth	Body Wash	NORTH	13	19	17	15	16	15	16	18	18	18	19	19	18	18	18
MT	Mamaearth	Body Wash	SOUTH-1	6	10	12	13	16	14	14	15	16	16	15	15	18	20	21
MT	Mamaearth	Body Wash	SOUTH-2	3	3	2	3	3	3	3	4	5	5	5	5	7	7	7
MT	Mamaearth	Body Wash	WEST	15	17	17	17	17	15	19	20	18	12	11	10	9	11	10
MT	Mamaearth	Baby Soap	EAST	1	1	1	1	1	1	1	1	1	1	2	2	1	1	2
MT	Mamaearth	Baby Soap	NORTH	3	3	3	3	3	3	3	2	3	2	3	3	3	3	3
MT	Mamaearth	Baby Soap	SOUTH-1	15	16	16	17	17	15	17	15	14	14	14	17	17	19	17
MT	Mamaearth	Baby Soap	SOUTH-2	31	32	32	31	31	27	31	27	27	27	27	33	33	36	35
MT	Mamaearth	Baby Soap	WEST	12	10	10	9	9	8	10	9	9	9	10	11	10	10	11
MT	Mamaearth	Moisturisers	EAST	4	5	3	3	3	3	10	16	12	15	9	8	10	11	12
MT	Mamaearth	Moisturisers	NORTH	10	11	8	8	8	7	19	29	25	23	18	20	25	23	21
MT	Mamaearth	Moisturisers	SOUTH-1	7	8	7	10	9	8	13	17	20	21	16	14	15	15	15
MT	Mamaearth	Moisturisers	SOUTH-2	4	5	4	4	4	4	5	12	13	14	10	8	7	7	9
MT	Mamaearth	Moisturisers	WEST	4	4	4	4	4	4	10	22	19	20	14	12	11	11	12
MT	Mamaearth	Soap	EAST	5	4	5	4	3	3	3	5	4	4	4	6	8	8	8
MT	Mamaearth	Soap	NORTH	8	8	9	6	4	4	5	6	6	6	7	9	10	10	10
MT	Mamaearth	Soap	SOUTH-1	19	17	13	10	8	4	8	10	11	10	13	16	19	17	19
MT	Mamaearth	Soap	SOUTH-2	10	7	7	6	5	3	4	6	7	7	9	12	14	13	12
MT	Mamaearth	Soap	WEST	7	6	6	4	3	2	3	4	3	4	5	6	6	6	7
MT	Mamaearth	Hair Oil	EAST	5	6	6	7	7	6	7	7	7	6	7	7	6	7	7
MT	Mamaearth	Hair Oil	NORTH	13	15	15	17	16	14	15	16	16	16	16	14	14	14	15
MT	Mamaearth	Hair Oil	SOUTH-1	9	10	10	10	11	10	10	9	9	9	9	9	8	10	10
MT	Mamaearth	Hair Oil	SOUTH-2	10	10	12	12	10	9	11	11	11	10	10	11	9	11	12
MT	Mamaearth	Hair Oil	WEST	15	16	16	16	16	15	17	15	15	14	13	13	12	13	14
MT	Mamaearth	Baby Body Wash	EAST	4	4	4	4	4	4	4	4	3	4	4	4	4	4	5
MT	Mamaearth	Baby Body Wash	NORTH	5	6	5	6	7	6	7	7	7	6	6	6	7	7	7
MT	Mamaearth	Baby Body Wash	SOUTH-1	7	8	8	9	10	9	9	9	9	9	9	9	9	10	10
MT	Mamaearth	Baby Body Wash	SOUTH-2	4	4	4	4	4	5	5	6	6	6	6	5	5	6	5
MT	Mamaearth	Baby Body Wash	WEST	6	4	4	4	4	4	4	5	4	4	4	4	4	4	4
MT	Mamaearth	Conditioner	EAST	4	6	5	5	5	5	4	4	4	4	4	4	4	4	4
MT	Mamaearth	Conditioner	NORTH	9	9	9	10	10	8	10	9	9	7	5	5	6	7	6
MT	Mamaearth	Conditioner	SOUTH-1	9	10	9	9	10	9	9	8	8	7	5	4	4	6	6
MT	Mamaearth	Conditioner	SOUTH-2	4	4	5	4	3	3	4	3	3	3	2	1	1	1	1
MT	Mamaearth	Conditioner	WEST	11	13	13	12	13	11	14	13	11	8	4	4	3	4	3
MT	Mamaearth	Oral	EAST	1	1	1	1	1	1	1	1	1	1	1	1	2	2	2
MT	Mamaearth	Oral	NORTH	2	2	2	2	2	1	1	1	1	1	1	1	2	2	2
MT	Mamaearth	Oral	SOUTH-1	3	3	3	3	3	3	3	3	3	4	3	4	4	5	6
MT	Mamaearth	Oral	SOUTH-2	2	3	3	3	3	2	2	2	2	3	2	3	3	3	4
MT	Mamaearth	Oral	WEST	2	2	2	2	2	1	2	2	1	2	2	2	2	2	2
MT	Mamaearth	Dusting Powder	EAST	1	1	1	1	1	0	0	0	0	0	1	1	0	1	1
MT	Mamaearth	Dusting Powder	NORTH	1	1	1	1	1	1	1	1	0	0	2	2	1	1	2
MT	Mamaearth	Dusting Powder	SOUTH-1	2	2	2	2	2	2	2	2	2	2	2	2	2	3	4
MT	Mamaearth	Dusting Powder	SOUTH-2	4	4	4	4	4	4	4	4	3	3	3	3	3	4	4
MT	Mamaearth	Dusting Powder	WEST	2	1	1	1	1	1	1	1	1	1	1	1	1	1	1
MT	Mamaearth	Face Scrub	EAST	2	4	3	3	3	3	4	3	3	3	3	3	2	1	1
MT	Mamaearth	Face Scrub	NORTH	5	7	6	6	6	5	6	5	4	4	4	4	3	2	2
MT	Mamaearth	Face Scrub	SOUTH-1	2	3	2	2	3	3	3	2	3	2	2	2	1	1	1
MT	Mamaearth	Face Scrub	SOUTH-2	2	2	2	2	1	1	1	1	1	1	1	1	1	1	1
MT	Mamaearth	Face Scrub	WEST	3	3	3	2	2	2	3	2	2	2	2	2	2	2	1
MT	Mamaearth	Face Cream	EAST	1	2	1	1	1	1	1	2	2	2	2	1	1	2	1
MT	Mamaearth	Face Cream	NORTH	3	3	2	3	3	2	3	3	3	2	3	2	2	1	1
MT	Mamaearth	Face Cream	SOUTH-1	3	3	3	2	3	2	2	2	2	2	3	2	2	2	2
MT	Mamaearth	Face Cream	SOUTH-2	2	2	2	1	1	1	1	1	1	1	1	1	1	1	1
MT	Mamaearth	Face Cream	WEST	1	1	1	1	1	1	1	1	1	1	1	1	1	1	1
MT	Mamaearth	Face Masks	EAST	1	1	1	1	1	1	1	1	2	2	1	0	1	1	1
MT	Mamaearth	Face Masks	NORTH	2	2	2	1	1	1	1	1	2	2	3	2	2	2	2
MT	Mamaearth	Face Masks	SOUTH-1	2	2	1	1	1	1	1	1	1	1	1	1	1	1	1
MT	Mamaearth	Face Masks	SOUTH-2	1	1	1	1	0	0	0	0	0	1	0	0	1	1	1
MT	Mamaearth	Face Masks	WEST	3	3	2	2	2	1	2	2	2	1	2	1	2	2	1
MT	Mamaearth	Face Serum	EAST	1	2	1	1	2	1	1	1	2	1	2	1	1	1	1
MT	Mamaearth	Face Serum	NORTH	2	2	2	2	1	2	2	2	2	1	3	2	2	1	1
MT	Mamaearth	Face Serum	SOUTH-1	1	1	1	1	1	1	1	1	1	1	1	1	1	1	1
MT	Mamaearth	Face Serum	SOUTH-2	1	1	1	1	1	0	0	0	0	0	1	1	0	1	1
MT	Mamaearth	Face Serum	WEST	1	1	1	1	1	1	1	1	1	1	1	1	1	1	1
MT	Mamaearth	Cold Cream	NORTH	3	2	2	1	1	1	13	15	13	8	4	3	2	1	1
MT	Mamaearth	Cold Cream	SOUTH-1	1	1	1	1	1	1	1	1	2	1	1	1	1	1	1
MT	Mamaearth	Cold Cream	SOUTH-2	1	2	2	1	1	1	2	3	2	2	1	1	1	1	1
MT	Mamaearth	Cold Cream	WEST	3	3	2	2	2	2	9	22	18	11	6	4	3	3	2
MT	Mamaearth	Lip Balm	EAST	1	1	1	1	1	1	1	2	3	1	2	1	0	0	0
MT	Mamaearth	Lip Balm	NORTH	1	1	1	1	1	1	1	2	3	3	2	2	1	1	0
MT	Mamaearth	Lip Balm	SOUTH-1	4	3	3	3	3	3	3	4	7	4	3	2	2	2	2
MT	Mamaearth	Lip Balm	SOUTH-2	1	1	1	0	1	1	1	1	2	2	1	1	1	1	1
MT	Mamaearth	Lip Balm	WEST	0	0	0	0	0	0	1	1	2	1	1	1	0	0	0
MT	Mamaearth	Facial Kit	EAST	1	2	1	1	1	1	1	1	1	1	1	0	1	1	1
MT	Mamaearth	Facial Kit	NORTH	6	5	5	4	4	4	5	4	3	4	4	2	2	2	1
MT	Mamaearth	Facial Kit	SOUTH-1	1	1	1	1	1	1	1	1	1	1	1	1	1	1	0
MT	Mamaearth	Facial Kit	SOUTH-2	1	1	1	1	1	0	0	0	0	0	0	0	0	0	0
MT	Mamaearth	Facial Kit	WEST	6	6	5	4	4	4	5	4	3	3	2	1	1	1	0
MT	Mamaearth	Hair Serum	EAST	1	1	1	1	1	1	1	1	1	1	1	1	1	1	0
MT	Mamaearth	Hair Serum	NORTH	1	2	1	2	2	2	1	1	2	1	1	1	1	1	1
MT	Mamaearth	Hair Serum	SOUTH-1	2	2	2	1	2	1	1	1	2	1	2	1	1	1	1
MT	Mamaearth	Hair Serum	SOUTH-2	1	1	1	1	1	0	0	0	1	1	0	0	0	0	0
MT	Mamaearth	Hair Serum	WEST	1	1	1	1	1	1	1	1	1	2	1	1	1	1	1
MT	Mamaearth	Mosquito Protection	NORTH	2	1	1	2	2	2	1	1	1	0	2	3	2	1	1
MT	Mamaearth	Mosquito Protection	SOUTH-1	0	0	0	0	1	0	1	2	1	0	0	1	0	0	1
MT	Mamaearth	Mosquito Protection	SOUTH-2	0	0	1	1	1	0	0	1	0	0	0	1	0	0	0
MT	Mamaearth	Mosquito Protection	WEST	0	1	1	1	1	1	1	2	2	1	1	2	1	0	1
MT	Mamaearth	Kids Soap	NORTH	0	0	0	0	0	1	1	1	1	1	1	1	1	1	1
MT	Mamaearth	Kids Soap	SOUTH-1	0	0	0	0	0	0	1	1	1	1	1	1	1	1	1
MT	Mamaearth	Kids Soap	SOUTH-2	0	0	0	1	1	1	1	0	1	1	1	1	0	1	0
MT	Mamaearth	Kids Soap	WEST	0	0	0	0	0	0	0	0	1	1	0	1	0	0	0
MT	Mamaearth	Massage Oil	SOUTH-2	2	2	2	2	2	1	2	2	2	2	2	1	1	1	1
MT	Mamaearth	Kajal	SOUTH-1	0	0	0	0	0	0		0		0	0	0	0	0	1
MT	Mamaearth	Hair Mask	EAST	0	0	0	0	0	0	0	0	0	0	0	0	0	1	0
MT	Mamaearth	Hair Mask	NORTH	0	1	1	1	0	0	0	0	0	0	1	0	0	1	0
MT	Mamaearth	Hair Mask	SOUTH-1	1	1	1	1	1	1	1	1	1	1	1	1	1	1	1
MT	Mamaearth	OTC	NORTH	0	0	0	0	1	1	1	1	1	1	1	1	1	0	0
MT	Mamaearth	OTC	WEST	1	1	1	1	1	1	1	1	1	1	1	1	1	1	1
MT	Mamaearth	EAU DE PARFUM	EAST	3	3	3	3	4	1	1	1	0	0	1	0	0	0	0
MT	Mamaearth	EAU DE PARFUM	NORTH	2	4	3	3	4	1	2	1	0	0	1	0	0	0	0
MT	Mamaearth	EAU DE PARFUM	SOUTH-1	1	1	1	1	1	1	1	0	0	0	1	1	0	0	0
MT	Mamaearth	EAU DE PARFUM	SOUTH-2	1	1	1	1	1	1	1	0	0	0	0	0	0	0	0
MT	Mamaearth	EAU DE PARFUM	WEST	1	1	1	1	2	1	1	0	0	0	1	0	0	0	0
MT	Mamaearth	Henna Paste	SOUTH-1	0	0	0	0	0	0	0	0	0	0	1	0	0	0	0
MT	Mamaearth	Body Gel	NORTH	1	1	1	1	1	1	1	1	1	1	0	0	0	0	0
MT	Mamaearth	Lipstick	EAST	1	0	1	0	0	0							0	0	0
MT	Mamaearth	Lipstick	NORTH	2	1	1	0	0	0	0		0				0	0	0
MT	Mamaearth	Lipstick	SOUTH-1	0	0	0	0	0	1	0	0	0	0	0	0	0	0	0
MT	Mamaearth	Lipstick	WEST	1	0	1	0	0	2	0	0	0		0	0	0	0	0
MT	Mamaearth	Hygiene	SOUTH-1	0	0	0	0	1	0	0	0	0	0	0	0	0	0	0
MT	Mamaearth	Hygiene	WEST	0	0	0	0	0	0	1	0	0	0	0	0	0	0	0
MT	Mamaearth	Foundation	WEST	0	0	0	0	0	1	0	0	0		0	0	0	0	0
MT	The Derma Co.	Face Cleanser	EAST	2	3	3	3	4	3	4	6	8	10	10	12	17	18	22
MT	The Derma Co.	Face Cleanser	NORTH	6	7	9	12	18	21	27	29	43	67	63	84	94	132	135
MT	The Derma Co.	Face Cleanser	SOUTH-1	11	13	14	17	20	20	23	30	45	68	58	65	85	116	115
MT	The Derma Co.	Face Cleanser	SOUTH-2	3	4	5	6	6	6	5	7	14	28	21	29	42	62	66
MT	The Derma Co.	Face Cleanser	WEST	12	13	13	14	18	18	24	25	52	124	119	140	152	215	230
MT	The Derma Co.	Sun Care	EAST	6	6	5	4	4	3	4	5	6	7	7	10	15	18	14
MT	The Derma Co.	Sun Care	NORTH	19	17	18	12	13	11	15	14	17	18	26	54	68	92	69
MT	The Derma Co.	Sun Care	SOUTH-1	24	29	30	29	31	33	28	31	40	48	40	72	115	131	93
MT	The Derma Co.	Sun Care	SOUTH-2	8	9	10	8	9	10	8	9	13	17	15	25	35	57	35
MT	The Derma Co.	Sun Care	WEST	24	22	15	13	14	13	23	23	24	26	38	74	85	119	76
MT	The Derma Co.	Face Serum	EAST	4	8	4	5	7	4	5	6	7	11	6	5	6	7	9
MT	The Derma Co.	Face Serum	NORTH	9	8	8	8	10	7	10	10	13	14	12	15	17	16	15
MT	The Derma Co.	Face Serum	SOUTH-1	14	16	17	18	20	17	20	21	27	28	24	25	28	30	30
MT	The Derma Co.	Face Serum	SOUTH-2	5	5	6	6	6	6	6	7	8	9	8	8	10	10	9
MT	The Derma Co.	Face Serum	WEST	18	18	17	17	18	15	19	21	20	20	19	19	22	19	18
MT	The Derma Co.	Moisturisers	EAST	1	1	0	1	1	0	0	1	1	1	0	1	1	1	1
MT	The Derma Co.	Moisturisers	NORTH	0	0	0	0	0	1	1	2	4	2	1	2	2	1	1
MT	The Derma Co.	Moisturisers	SOUTH-1	2	2	2	2	2	2	2	2	4	4	3	3	4	3	4
MT	The Derma Co.	Moisturisers	SOUTH-2	1	1	0	1	1	0	0	1	1	1	1	1	1	1	1
MT	The Derma Co.	Moisturisers	WEST	2	2	2	2	2	2	3	4	4	3	3	3	3	3	2
MT	The Derma Co.	Face Masks	SOUTH-1	1	1	1	2	1	1	1	1	1	1	1	1	1	1	2
MT	The Derma Co.	Face Masks	SOUTH-2	1	1	1	1	1	0	0	0	0	0	0	0	0	0	1
MT	The Derma Co.	Face Masks	WEST	2	2	2	2	2	2	3	3	1	1	2	2	2	2	2
MT	The Derma Co.	Cream	NORTH	1	0	1	1	0	0	1	0	1	1	0	1	1	0	0
MT	The Derma Co.	Cream	SOUTH-1	1	1	1	1	2	1	1	2	2	2	2	2	2	2	2
MT	The Derma Co.	Cream	SOUTH-2	0	0	1	0	1	0	0	0	0	1	0	0	0	0	0
MT	The Derma Co.	Cream	WEST	2	1	1	1	1	1	1	1	1	1	1	1	1	1	1
MT	The Derma Co.	Shampoo	NORTH												0	0	1	1
MT	The Derma Co.	Shampoo	SOUTH-1								0		0		0	1	1	1
MT	The Derma Co.	Lip Balm	SOUTH-1	1	1	1	1	3	3	3	1	1	1	1	1	1	1	1
MT	The Derma Co.	Lip Balm	SOUTH-2	0	0	0	0	1	0	0	0	1	0	0	0	0	0	0
MT	The Derma Co.	Soap	SOUTH-1				0				0	0	0	0	0	0	1	0
MT	Aqualogica	Sun Care	EAST	6	7	5	4	4	3	4	4	4	5	6	6	7	6	5
MT	Aqualogica	Sun Care	NORTH	10	11	8	6	6	5	6	5	5	6	6	13	13	19	17
MT	Aqualogica	Sun Care	SOUTH-1	13	15	11	10	11	11	9	9	7	11	10	11	15	15	13
MT	Aqualogica	Sun Care	SOUTH-2	4	5	4	3	3	2	2	2	2	3	3	5	6	7	5
MT	Aqualogica	Sun Care	WEST	9	7	5	4	4	3	6	5	5	6	7	11	12	13	10
MT	Aqualogica	Face Cleanser	EAST	1	1	1	1	1	0	1	1	1	1	1	0	0	0	0
MT	Aqualogica	Face Cleanser	NORTH	1	1	1	1	1	1	1	1	1	1	1	1	1	1	1
MT	Aqualogica	Face Cleanser	SOUTH-1	2	2	2	2	2	2	1	2	1	2	1	1	2	2	1
MT	Aqualogica	Face Cleanser	SOUTH-2	1	1	1	1	0	0	0	0	0	0	0	0	0	0	0
MT	Aqualogica	Face Cleanser	WEST	1	1	1	1	1	1	1	1	1	1	1	1	1	1	1
MT	Aqualogica	Moisturisers	EAST	1	1	1	1	1	0	1	1	1	1	1	0	0	0	0
MT	Aqualogica	Moisturisers	NORTH	1	1	1	1	1	1	1	1	1	1	0	1	0	0	0
MT	Aqualogica	Moisturisers	SOUTH-1	2	2	2	2	2	1	1	2	1	2	1	1	1	1	1
MT	Aqualogica	Moisturisers	SOUTH-2	1	1	1	1	1	1	0	1	0	1	0	0	0	0	0
MT	Aqualogica	Moisturisers	WEST	0	0	0	0	0	0	0	0	0	0	0	1	0	0	0
MT	Aqualogica	Body Mist	SOUTH-1													0	0	1
MT	BBLUNT	Hair Spray	SOUTH-1	2	2	2	2	3	2	2	2	2	2	3	2	2	2	2
MT	BBLUNT	Hair Spray	SOUTH-2	1	1	1	1	1	1	1	1	1	0	1	1	1	1	1
MT	BBLUNT	Shampoo	EAST	1	2	1	1	2	0	1	1	1	1	0	0	0	0	0
MT	BBLUNT	Shampoo	NORTH	1	2	1	1	1	0	0	1	0	1	0	0	0	0	0
MT	BBLUNT	Shampoo	SOUTH-1	1	1	1	1	1	1	1	1	1	1	1	1	1	1	1
MT	BBLUNT	Shampoo	SOUTH-2	0	1	1	0	0	0	0	0	0	0	0	0	0	0	0
MT	BBLUNT	Creme Hair Colour	EAST	0	1	1	1	0	0	0	0	0	0	0	0	0	0	0
MT	BBLUNT	Creme Hair Colour	NORTH	1	1	1	0	0	0	0	0	0	0	0	0	0	0	0
MT	BBLUNT	Creme Hair Colour	SOUTH-1	1	1	1	1	1	0	0	0	0	0	1	0	0	0	0
MT	BBLUNT	5 Minute Shampoo	SOUTH-1	0	0	0	0	0	1	1	1	1	0	1	0	0	0	0
MT	Dr. Sheth's	Sun Care	WEST												0	1	1	1
