Brand,EAN,First_Observed,Num_Chains,Observed_Chains,Total_Rows,Total_NSV_Lakh
AQUALOGICA,8906087778462,2026-07,14,APOLLO PHARMACY|AZ ENTERPRISES-MT|D-MART-OFFLINE|DMART|G.V ENTERPRISES|HEALTH & GLOW|LULU HYPER|METRO-CNC-RRL|MORE RETAIL|NYKAA E-RETAIL LIMITED|RELIANCE RETAIL|RELIANCE RETAIL-(AZORTE)|SRI VIJAYA DURGA AGENCIES|WELLNESS FOREVER,71,12.0648075
AQUALOGICA,8906087779407,2026-07,13,APOLLO PHARMACY|D-MART-OFFLINE|DMART|G.V ENTERPRISES|HEALTH & GLOW|KIRAN TRADING COMPANY-SOLAPUR-D-MART|LULU HYPER|METRO-CNC-RRL|NYKAA E-RETAIL LIMITED|RELIANCE RETAIL|RELIANCE RETAIL-(AZORTE)|VENKATESHWARA AGENCIES-TG|WELLNESS FOREVER,59,7.639969457627118
AQUALOGICA,8904417306255,2026-07,12,APOLLO PHARMACY|DMART|G.V ENTERPRISES|HEALTH & GLOW|LULU HYPER|METRO-CNC-RRL|NYKAA E-RETAIL LIMITED|RELIANCE RETAIL|RELIANCE RETAIL-(AZORTE)|SANCUS NETWORKS-MT-REG.|SRI VIJAYA DURGA AGENCIES|WELLNESS FOREVER,55,5.1186664830508475
AQUALOGICA,8904417306514,2026-07,10,D-MART-OFFLINE|GUARDIAN HEALTHCARE-DELHI|HEALTH & GLOW|LULU HYPER|M/S KOTTARAM BUSINESS|METRO-CNC-RRL|NYKAA E-RETAIL LIMITED|RELIANCE RETAIL-(AZORTE)|VENKATESHWARA AGENCIES-TG|WELLNESS FOREVER,44,2.6475997050847457
AQUALOGICA,8906087779377,2026-07,7,APOLLO PHARMACY|AZ ENTERPRISES-MT|G.V ENTERPRISES|HEALTH & GLOW|LULU HYPER|METRO-CNC-RRL|RELIANCE RETAIL-(AZORTE),25,1.543450206779661
AQUALOGICA,8906087778110,2026-07,9,APOLLO PHARMACY|D-MART-OFFLINE|GUARDIAN HEALTHCARE-DELHI|HEALTH & GLOW|LULU HYPER|METRO-CNC-RRL|MORE RETAIL|NYKAA E-RETAIL LIMITED|RELIANCE RETAIL-(AZORTE),46,1.3954899559322034
AQUALOGICA,8904417320718,2026-08,2,M/S KOTTARAM BUSINESS|RELIANCE RETAIL-(AZORTE),2,1.0165378
AQUALOGICA,8904417311389,2026-07,6,APOLLO PHARMACY|AZ ENTERPRISES-MT|D.L. SALES - MT|HEALTH & GLOW|M/S KOTTARAM BUSINESS|NYKAA E-RETAIL LIMITED,19,0.8787977
AQUALOGICA,8904417307481,2026-07,6,APOLLO PHARMACY|HEALTH & GLOW|LULU HYPER|METRO-CNC-RRL|RELIANCE RETAIL-(AZORTE)|VENKATESHWARA AGENCIES-TG,32,0.8283896033898305
AQUALOGICA,8904417314014,2026-07,6,D-MART-OFFLINE|HEALTH & GLOW|LULU HYPER|NYKAA E-RETAIL LIMITED|RELIANCE RETAIL-(AZORTE)|VENKATESHWARA AGENCIES-TG,10,0.5675316915254237
AQUALOGICA,8904417314007,2026-07,5,HEALTH & GLOW|LULU HYPER|NYKAA E-RETAIL LIMITED|RELIANCE RETAIL|VENKATESHWARA AGENCIES-TG,16,0.3317437627118644
AQUALOGICA,8906087777090,2026-07,5,DMART|HEALTH & GLOW|LULU HYPER|NYKAA E-RETAIL LIMITED|VENKATESHWARA AGENCIES-TG,16,0.31320253559322037
AQUALOGICA,8906087779872,2026-07,4,APOLLO PHARMACY|HEALTH & GLOW|METRO-CNC-RRL|RELIANCE RETAIL-(AZORTE),16,0.22469129999999998
AQUALOGICA,8904417308440,2026-07,3,HEALTH & GLOW|LULU HYPER|NYKAA E-RETAIL LIMITED,14,0.21312681355932206
AQUALOGICA,8904417314021,2026-07,4,HEALTH & GLOW|LULU HYPER|NYKAA E-RETAIL LIMITED|RELIANCE RETAIL,17,0.17799329152542373
AQUALOGICA,8904417318791,2026-08,1,RELIANCE RETAIL,1,0.1775758
AQUALOGICA,8904417313185,2026-07,2,D-MART-OFFLINE|LULU HYPER,3,0.15223625593220338
AQUALOGICA,8906087778189,2026-07,1,HEALTH & GLOW,18,0.1264424
AQUALOGICA,8904417313253,2026-07,2,LULU HYPER|RELIANCE RETAIL-(AZORTE),4,0.10554953898305086
AQUALOGICA,8904417313192,2026-08,2,D-MART-OFFLINE|RELIANCE RETAIL-(AZORTE),2,0.0732427
AQUALOGICA,8906087776802,2026-07,4,G.V ENTERPRISES|HEALTH & GLOW|M/S KOTTARAM BUSINESS|RELIANCE RETAIL-(AZORTE),11,0.0679973
AQUALOGICA,8904417306224,2026-08,1,RELIANCE RETAIL-(AZORTE),2,0.055585
AQUALOGICA,8904417317220,2026-07,1,LULU HYPER,1,0.04567016949152542
BBLUNT,8906087779490,2026-07,9,APOLLO PHARMACY|AZ ENTERPRISES-MT|D.L. SALES - MT|DMART|HEALTH & GLOW|METRO-CNC-RRL|RELIANCE RETAIL|SRI VIJAYA DURGA AGENCIES|VENKATESHWARA AGENCIES-TG,113,3.0187207
BBLUNT,8906087779513,2026-07,7,APOLLO PHARMACY|AZ ENTERPRISES-MT|D.L. SALES - MT|DMART|HEALTH & GLOW|SRI VIJAYA DURGA AGENCIES|VENKATESHWARA AGENCIES-TG,62,1.39854
BBLUNT,8904417303285,2026-07,6,APOLLO PHARMACY|D.L. SALES - MT|HEALTH & GLOW|METRO-CNC-RRL|SRI VIJAYA DURGA AGENCIES|VENKATESHWARA AGENCIES-TG,28,0.8956614
BBLUNT,8904417302066,2026-07,6,APOLLO PHARMACY|D.L. SALES - MT|HEALTH & GLOW|METRO-CNC-RRL|SRI VIJAYA DURGA AGENCIES|VENKATESHWARA AGENCIES-TG,49,0.8600582
BBLUNT,8904417305098,2026-07,6,APOLLO PHARMACY|AZ ENTERPRISES-MT|D.L. SALES - MT|HEALTH & GLOW|SRI VIJAYA DURGA AGENCIES|VENKATESHWARA AGENCIES-TG,18,0.6845376000000001
BBLUNT,8904417302073,2026-07,6,APOLLO PHARMACY|D.L. SALES - MT|HEALTH & GLOW|METRO-CNC-RRL|SRI VIJAYA DURGA AGENCIES|VENKATESHWARA AGENCIES-TG,51,0.6686316
BBLUNT,8904417322392,2026-07,3,APOLLO PHARMACY|HEALTH & GLOW|METRO-CNC-RRL,37,0.6150686
BBLUNT,8904417322422,2026-07,3,APOLLO PHARMACY|HEALTH & GLOW|METRO-CNC-RRL,30,0.6072919
BBLUNT,8904417302745,2026-07,5,APOLLO PHARMACY|D.L. SALES - MT|HEALTH & GLOW|SRI VIJAYA DURGA AGENCIES|VENKATESHWARA AGENCIES-TG,21,0.5652893
BBLUNT,8904417302707,2026-07,3,HEALTH & GLOW|METRO-CNC-RRL|SRI VIJAYA DURGA AGENCIES,15,0.5494348
BBLUNT,8904417322446,2026-07,2,HEALTH & GLOW|METRO-CNC-RRL,39,0.5156584
BBLUNT,8904417303292,2026-07,5,APOLLO PHARMACY|D.L. SALES - MT|HEALTH & GLOW|SRI VIJAYA DURGA AGENCIES|VENKATESHWARA AGENCIES-TG,9,0.4435822
BBLUNT,8904417322415,2026-07,2,HEALTH & GLOW|METRO-CNC-RRL,39,0.41083569999999997
BBLUNT,8904417307283,2026-07,3,APOLLO PHARMACY|D.L. SALES - MT|HEALTH & GLOW,14,0.3548178
BBLUNT,8904417322439,2026-07,4,APOLLO PHARMACY|D.L. SALES - MT|HEALTH & GLOW|SRI VIJAYA DURGA AGENCIES,19,0.3260467
BBLUNT,8904417307122,2026-07,2,HEALTH & GLOW|SRI VIJAYA DURGA AGENCIES,9,0.2230351
BBLUNT,8904417307320,2026-07,2,HEALTH & GLOW|SRI VIJAYA DURGA AGENCIES,9,0.1598634
BBLUNT,8906087779506,2026-08,1,RELIANCE RETAIL,1,0.0889361
BBLUNT,8904417305821,2026-07,1,HEALTH & GLOW,9,0.050323299999999994
BBLUNT,8904417302776,2026-07,1,HEALTH & GLOW,14,0.0473395
BBLUNT,8904417305104,2026-07,1,HEALTH & GLOW,5,0.0130213
BBLUNT,8904417302738,2026-07,1,HEALTH & GLOW,2,0.0071001
DR. SHETHS,8906148700029,2026-08,3,AZ ENTERPRISES-MT|NYKAA E-RETAIL LIMITED|WELLNESS FOREVER,5,0.7847816
DR. SHETHS,8906148700906,2026-08,4,APOLLO PHARMACY|AZ ENTERPRISES-MT|NYKAA E-RETAIL LIMITED|VENKATESHWARA AGENCIES-TG,7,0.6136096
DR. SHETHS,8906148700883,2026-08,4,APOLLO PHARMACY|AZ ENTERPRISES-MT|NYKAA E-RETAIL LIMITED|VENKATESHWARA AGENCIES-TG,7,0.5146014
DR. SHETHS,8906148701002,2026-08,1,AZ ENTERPRISES-MT,1,0.38101480000000004
DR. SHETHS,8906148700821,2026-07,6,APOLLO PHARMACY|AZ ENTERPRISES-MT|HEALTH & GLOW|NYKAA E-RETAIL LIMITED|VENKATESHWARA AGENCIES-TG|WELLNESS FOREVER,11,0.3300559
DR. SHETHS,8906148700869,2026-08,3,AZ ENTERPRISES-MT|NYKAA E-RETAIL LIMITED|VENKATESHWARA AGENCIES-TG,6,0.29611540000000003
DR. SHETHS,8906148700302,2026-08,3,NYKAA E-RETAIL LIMITED|VENKATESHWARA AGENCIES-TG|WELLNESS FOREVER,4,0.2454467
DR. SHETHS,8906148700333,2026-08,1,AZ ENTERPRISES-MT,1,0.239358
DR. SHETHS,8906148700579,2026-08,2,APOLLO PHARMACY|NYKAA E-RETAIL LIMITED,3,0.2251175
DR. SHETHS,8906148701019,2026-07,2,HEALTH & GLOW|VENKATESHWARA AGENCIES-TG,3,0.20854689999999998
DR. SHETHS,8906148700487,2026-07,3,APOLLO PHARMACY|HEALTH & GLOW|NYKAA E-RETAIL LIMITED,6,0.1067853
DR. SHETHS,8906148701125,2026-08,1,NYKAA E-RETAIL LIMITED,1,0.077039
DR. SHETHS,8906148702078,2026-07,1,HEALTH & GLOW,7,0.0331258
DR. SHETHS,8906148700371,2026-07,1,HEALTH & GLOW,1,0.0029601999999999996
MAMAEARTH,8904417314298,2026-07,34,AIRPLAZA|APOLLO PHARMACY|ARAMBAGH|AZ ENTERPRISES-H&G|AZ ENTERPRISES-MT|BALAJI ASSOCIATES DISTRIBUTOR MT|CHOUDHARY ENTERPRISES|D-MART-OFFLINE|D.L. SALES - MT|DMART|FRANK ROSS|G.V ENTERPRISES|HEALTH & GLOW|JUST MARK-D-MART|KIRAN TRADING COMPANY-SOLAPUR-D-MART|LULU HYPER|MANOJ SOAP AGENCY-MT|METRO-CNC-RRL|MORE RETAIL|NYKAA E-RETAIL LIMITED|RELIANCE RETAIL|RR TRADERS-MT|SANCUS NETWORKS-MT-REG.|SASTA SUNDAR|SEHAJ ENTERPRISES -MT-JK|SPENCER|SRI VIJAYA DURGA AGENCIES|STAR BAZAAR|SUMO SAVE|TRAVEL NEWS SERVICES-WSMITH|TROY TRADEX-MT-OR -EAST|V-MART|VENKATESHWARA AGENCIES-TG|VMM,454,303.7321210355932
MAMAEARTH,8906087771807,2026-07,31,AIRPLAZA|APOLLO PHARMACY|ARAMBAGH|AZ ENTERPRISES-MT|BALAJI ASSOCIATES DISTRIBUTOR MT|CHOUDHARY ENTERPRISES|D-MART-OFFLINE|D.L. SALES - MT|DMART|FRANK ROSS|G.V ENTERPRISES|HEALTH & GLOW|JUST MARK-D-MART|KIRAN TRADING COMPANY-SOLAPUR-D-MART|LULU HYPER|MANOJ SOAP AGENCY-MT|METRO-CNC-RRL|MORE RETAIL|NYKAA E-RETAIL LIMITED|RELIANCE RETAIL|RR TRADERS-MT|SANCUS NETWORKS-MT-REG.|SASTA SUNDAR|SEHAJ ENTERPRISES -MT-JK|SPENCER|SRI VIJAYA DURGA AGENCIES|SUMO SAVE|TROY TRADEX-MT-OR -EAST|VENKATESHWARA AGENCIES-TG|VMM|WELLNESS FOREVER,437,250.72469864761905
MAMAEARTH,8906087779032,2026-07,28,AIRPLAZA|APOLLO PHARMACY|ARAMBAGH|CHOUDHARY ENTERPRISES|D-MART-OFFLINE|DMART|FRANK ROSS|G.V ENTERPRISES|GUARDIAN HEALTHCARE-DELHI|HEALTH & GLOW|KIRAN TRADING COMPANY-SOLAPUR-D-MART|LULU HYPER|MANOJ SOAP AGENCY-MT|METRO-CNC-RRL|MORE RETAIL|NYKAA E-RETAIL LIMITED|RELIANCE RETAIL|RR TRADERS-MT|SANCUS NETWORKS-MT-REG.|SASTA SUNDAR|SEHAJ ENTERPRISES -MT-JK|SPENCER|SUMO SAVE|TROY TRADEX-MT-OR -EAST|V-MART|VENKATESHWARA AGENCIES-TG|VMM|WELLNESS FOREVER,523,175.73467641864406
MAMAEARTH,8906087772187,2026-07,15,APOLLO PHARMACY|ARAMBAGH|BALAJI ASSOCIATES DISTRIBUTOR MT|D.L. SALES - MT|FRANK ROSS|HEALTH & GLOW|MORE RETAIL|NYKAA E-RETAIL LIMITED|RELIANCE RETAIL|SASTA SUNDAR|SRI VIJAYA DURGA AGENCIES|SUMO SAVE|TRAVEL NEWS SERVICES-WSMITH|V-MART|VENKATESHWARA AGENCIES-TG,197,166.4629529
MAMAEARTH,8904417300512,2026-07,22,ARAMBAGH|AZ ENTERPRISES-MT|BALAJI ASSOCIATES DISTRIBUTOR MT|D-MART-OFFLINE|D.L. SALES - MT|DMART|FRANK ROSS|G.V ENTERPRISES|JUST MARK-D-MART|KIRAN TRADING COMPANY-SOLAPUR-D-MART|LULU HYPER|METRO-CNC-RRL|MORE RETAIL|NYKAA E-RETAIL LIMITED|RELIANCE RETAIL|SANCUS NETWORKS-MT-REG.|SRI VIJAYA DURGA AGENCIES|STAR BAZAAR|SUMO SAVE|TRAVEL NEWS SERVICES-WSMITH|V-MART|VENKATESHWARA AGENCIES-TG,225,140.02953539661016
MAMAEARTH,8904417310351,2026-07,8,APOLLO PHARMACY|ARAMBAGH|D.L. SALES - MT|RELIANCE RETAIL|SRI VIJAYA DURGA AGENCIES|SUMO SAVE|TRAVEL NEWS SERVICES-WSMITH|V-MART,181,135.0657934
MAMAEARTH,8904417303537,2026-07,19,AIRPLAZA|APOLLO PHARMACY|AZ ENTERPRISES-MT|CHOUDHARY ENTERPRISES|D-MART-OFFLINE|D.L. SALES - MT|DMART|G.V ENTERPRISES|HEALTH & GLOW|HYPERMAX CITY-CARREFOUR|KIRAN TRADING COMPANY-SOLAPUR-D-MART|LULU HYPER|METRO-CNC-RRL|MORE RETAIL|SANCUS NETWORKS-MT-REG.|SPENCER|SRI VIJAYA DURGA AGENCIES|STAR BAZAAR|VMM,374,133.57161492857142
MAMAEARTH,8904417315073,2026-07,19,AIRPLAZA|APOLLO PHARMACY|AZ ENTERPRISES-MT|CHOUDHARY ENTERPRISES|D-MART-OFFLINE|D.L. SALES - MT|DMART|G.V ENTERPRISES|HEALTH & GLOW|JUST MARK-D-MART|KIRAN TRADING COMPANY-SOLAPUR-D-MART|LULU HYPER|METRO-CNC-RRL|SANCUS NETWORKS-MT-REG.|SEHAJ ENTERPRISES -MT-JK|SRI VIJAYA DURGA AGENCIES|STAR BAZAAR|V-MART|VMM,292,98.88404378095238
MAMAEARTH,8906087770671,2026-07,29,AIRPLAZA|APOLLO PHARMACY|ARAMBAGH|AZ ENTERPRISES-MT|CHOUDHARY ENTERPRISES|D-MART-OFFLINE|D.L. SALES - MT|DMART|FRANK ROSS|G.V ENTERPRISES|HEALTH & GLOW|JUST MARK-D-MART|KIRAN TRADING COMPANY-SOLAPUR-D-MART|LULU HYPER|MARK ENTERPRISE-APOLLO|METRO-CNC-RRL|MORE RETAIL|NYKAA E-RETAIL LIMITED|RR TRADERS-MT|SANCUS NETWORKS-MT-REG.|SASTA SUNDAR|SEHAJ ENTERPRISES -MT-JK|SPENCER|SRI VIJAYA DURGA AGENCIES|TROY TRADEX-MT-OR -EAST|V-MART|VENKATESHWARA AGENCIES-TG|VMM|WELLNESS FOREVER,376,65.27209460508475
MAMAEARTH,8906087771180,2026-07,19,APOLLO PHARMACY|AZ ENTERPRISES-MT|D-MART-OFFLINE|D.L. SALES - MT|DMART|FRANK ROSS|G.V ENTERPRISES|JUST MARK-D-MART|KIRAN TRADING COMPANY-SOLAPUR-D-MART|LULU HYPER|MARK ENTERPRISE-APOLLO|METRO-CNC-RRL|MORE RETAIL|NYKAA E-RETAIL LIMITED|RELIANCE RETAIL|SANCUS NETWORKS-MT-REG.|SPENCER|SRI VIJAYA DURGA AGENCIES|WELLNESS FOREVER,158,64.9600154047619
MAMAEARTH,8904417312546,2026-07,20,AIRPLAZA|APOLLO PHARMACY|ARAMBAGH|D-MART-OFFLINE|D.L. SALES - MT|DMART|FRANK ROSS|KIRAN TRADING COMPANY-SOLAPUR-D-MART|LULU HYPER|M/S KOTTARAM BUSINESS|METRO-CNC-RRL|MORE RETAIL|RELIANCE RETAIL|SANCUS NETWORKS-MT-REG.|SASTA SUNDAR|SPENCER|SUMO SAVE|TRAVEL NEWS SERVICES-WSMITH|V-MART|VENKATESHWARA AGENCIES-TG,276,49.0163345
MAMAEARTH,8904417307740,2026-07,26,AIRPLAZA|APOLLO PHARMACY|AZ ENTERPRISES-MT|CHOUDHARY ENTERPRISES|D-MART-OFFLINE|D.L. SALES - MT|DMART|G.V ENTERPRISES|HEALTH & GLOW|JUST MARK-D-MART|KIRAN TRADING COMPANY-SOLAPUR-D-MART|LULU HYPER|MANOJ SOAP AGENCY-MT|METRO-CNC-RRL|MORE RETAIL|NYKAA E-RETAIL LIMITED|RELIANCE RETAIL|RR TRADERS-MT|SANCUS NETWORKS-MT-REG.|SASTA SUNDAR|SPENCER|SRI VIJAYA DURGA AGENCIES|SUMO SAVE|TROY TRADEX-MT-OR -EAST|VMM|WELLNESS FOREVER,370,45.665886199999996
MAMAEARTH,8904417317244,2026-07,21,AZ ENTERPRISES-MT|CHOUDHARY ENTERPRISES|D-MART-OFFLINE|D.L. SALES - MT|DMART|FRANK ROSS|G.V ENTERPRISES|HEALTH & GLOW|JUST MARK-D-MART|KIRAN TRADING COMPANY-SOLAPUR-D-MART|LULU HYPER|M/S KOTTARAM BUSINESS|MARK ENTERPRISE-APOLLO|METRO-CNC-RRL|REAL TIME LOGISTICS_MT_BR|RELIANCE RETAIL|RRL-FOC-SAMPLE|SANCUS NETWORKS-MT-REG.|SRI VIJAYA DURGA AGENCIES|V-MART|VENKATESHWARA AGENCIES-TG,118,42.557199008474576
MAMAEARTH,8906087772859,2026-07,29,AIRPLAZA|APOLLO PHARMACY|ARAMBAGH|AZ ENTERPRISES-MT|CHOUDHARY ENTERPRISES|D-MART-OFFLINE|D.L. SALES - MT|DMART|G.V ENTERPRISES|HEALTH & GLOW|JUST MARK-D-MART|KIRAN TRADING COMPANY-SOLAPUR-D-MART|LULU HYPER|METRO-CNC-RRL|MORE RETAIL|NYKAA E-RETAIL LIMITED|RELIANCE RETAIL|RR TRADERS-MT|SANCUS NETWORKS-MT-REG.|SASTA SUNDAR|SEHAJ ENTERPRISES -MT-JK|SPENCER|SRI VIJAYA DURGA AGENCIES|STAR BAZAAR|TROY TRADEX-MT-OR -EAST|V-MART|VENKATESHWARA AGENCIES-TG|VMM|WELLNESS FOREVER,355,41.77368808305085
MAMAEARTH,8904417309546,2026-07,6,BALAJI ASSOCIATES DISTRIBUTOR MT|D.L. SALES - MT|METRO-CNC-RRL|RELIANCE RETAIL|SRI VIJAYA DURGA AGENCIES|TROY TRADEX-MT-OR -EAST,83,37.0221456
MAMAEARTH,8904417322798,2026-07,7,APOLLO PHARMACY|AZ ENTERPRISES-MT|HYPERMAX CITY-CARREFOUR|LULU HYPER|METRO-CNC-RRL|RELIANCE RETAIL|SANCUS NETWORKS-MT-REG.,123,35.54434094915254
MAMAEARTH,8904417316346,2026-07,19,AIRPLAZA|ARAMBAGH|AZ ENTERPRISES-MT|BALAJI ASSOCIATES DISTRIBUTOR MT|CHOUDHARY ENTERPRISES|D.L. SALES - MT|MANOJ SOAP AGENCY-MT|METRO-CNC-RRL|MORE RETAIL|NYKAA E-RETAIL LIMITED|RELIANCE RETAIL|RR TRADERS-MT|SANCUS NETWORKS-MT-REG.|SEHAJ ENTERPRISES -MT-JK|SRI VIJAYA DURGA AGENCIES|SUMO SAVE|TROY TRADEX-MT-OR -EAST|VENKATESHWARA AGENCIES-TG|VMM,384,30.433357400000002
MAMAEARTH,8904417310245,2026-07,8,D-MART-OFFLINE|DMART|G.V ENTERPRISES|JUST MARK-D-MART|KIRAN TRADING COMPANY-SOLAPUR-D-MART|METRO-CNC-RRL|RELIANCE RETAIL|SRI VIJAYA DURGA AGENCIES,71,29.150363
MAMAEARTH,8904417311570,2026-07,14,APOLLO PHARMACY|AZ ENTERPRISES-MT|D.L. SALES - MT|G.V ENTERPRISES|LULU HYPER|M/S KOTTARAM BUSINESS|METRO-CNC-RRL|MORE RETAIL|RELIANCE RETAIL|SANCUS NETWORKS-MT-REG.|SRI VIJAYA DURGA AGENCIES|TROY TRADEX-MT-OR -EAST|V-MART|VENKATESHWARA AGENCIES-TG,157,28.1820815
MAMAEARTH,8904417306439,2026-07,14,APOLLO PHARMACY|AZ ENTERPRISES-MT|D-MART-OFFLINE|D.L. SALES - MT|DMART|G.V ENTERPRISES|HEALTH & GLOW|JUST MARK-D-MART|KIRAN TRADING COMPANY-SOLAPUR-D-MART|LULU HYPER|MORE RETAIL|NYKAA E-RETAIL LIMITED|RELIANCE RETAIL|SANCUS NETWORKS-MT-REG.,169,27.359285355932204
MAMAEARTH,8904417317275,2026-07,9,AZ ENTERPRISES-MT|D-MART-OFFLINE|DMART|G.V ENTERPRISES|HEALTH & GLOW|KIRAN TRADING COMPANY-SOLAPUR-D-MART|METRO-CNC-RRL|RELIANCE RETAIL|SANCUS NETWORKS-MT-REG.,175,27.193000952542373
MAMAEARTH,8904417316896,2026-07,18,APOLLO PHARMACY|ARAMBAGH|AZ ENTERPRISES-MT|BALAJI ASSOCIATES DISTRIBUTOR MT|D-MART-OFFLINE|D.L. SALES - MT|DMART|FRANK ROSS|G.V ENTERPRISES|KIRAN TRADING COMPANY-SOLAPUR-D-MART|LULU HYPER|M/S KOTTARAM BUSINESS|METRO-CNC-RRL|NYKAA E-RETAIL LIMITED|RELIANCE RETAIL|SUMO SAVE|TRAVEL NEWS SERVICES-WSMITH|V-MART,161,25.59417567457627
MAMAEARTH,8904417305258,2026-07,23,AIRPLAZA|APOLLO PHARMACY|ARAMBAGH|BALAJI ASSOCIATES DISTRIBUTOR MT|D-MART-OFFLINE|D.L. SALES - MT|DMART|G.V ENTERPRISES|HEALTH & GLOW|JUST MARK-D-MART|KIRAN TRADING COMPANY-SOLAPUR-D-MART|LULU HYPER|M/S KOTTARAM BUSINESS|METRO-CNC-RRL|MORE RETAIL|NYKAA E-RETAIL LIMITED|RELIANCE RETAIL|SANCUS NETWORKS-MT-REG.|SASTA SUNDAR|SPENCER|SRI VIJAYA DURGA AGENCIES|SUMO SAVE|VMM,191,25.558335220338982
MAMAEARTH,8906087771333,2026-07,19,AIRPLAZA|APOLLO PHARMACY|ARAMBAGH|D.L. SALES - MT|DMART|FRANK ROSS|G.V ENTERPRISES|HEALTH & GLOW|KIRAN TRADING COMPANY-SOLAPUR-D-MART|LULU HYPER|METRO-CNC-RRL|NYKAA E-RETAIL LIMITED|RELIANCE RETAIL|SANCUS NETWORKS-MT-REG.|SASTA SUNDAR|SPENCER|SUMO SAVE|V-MART|VMM,200,24.980913505084747
MAMAEARTH,8904417322774,2026-07,6,APOLLO PHARMACY|AZ ENTERPRISES-MT|LULU HYPER|METRO-CNC-RRL|RELIANCE RETAIL|SANCUS NETWORKS-MT-REG.,125,24.455726588135594
MAMAEARTH,8904417311587,2026-07,12,APOLLO PHARMACY|BALAJI ASSOCIATES DISTRIBUTOR MT|D.L. SALES - MT|LULU HYPER|M/S KOTTARAM BUSINESS|METRO-CNC-RRL|MORE RETAIL|RELIANCE RETAIL|SANCUS NETWORKS-MT-REG.|SRI VIJAYA DURGA AGENCIES|TROY TRADEX-MT-OR -EAST|V-MART,155,24.28539268095238
MAMAEARTH,8904417317268,2026-07,18,APOLLO PHARMACY|ARAMBAGH|AZ ENTERPRISES-MT|CHOUDHARY ENTERPRISES|D-MART-OFFLINE|D.L. SALES - MT|DMART|G.V ENTERPRISES|HEALTH & GLOW|JUST MARK-D-MART|LULU HYPER|MARK ENTERPRISE-APOLLO|METRO-CNC-RRL|REAL TIME LOGISTICS_MT_BR|RRL-FOC-SAMPLE|SANCUS NETWORKS-MT-REG.|V-MART|VENKATESHWARA AGENCIES-TG,63,24.083981876271185
MAMAEARTH,8904417322361,2026-07,8,APOLLO PHARMACY|BALAJI ASSOCIATES DISTRIBUTOR MT|D.L. SALES - MT|METRO-CNC-RRL|RELIANCE RETAIL|SRI VIJAYA DURGA AGENCIES|V-MART|VENKATESHWARA AGENCIES-TG,112,21.9045288
MAMAEARTH,8906087770442,2026-07,10,APOLLO PHARMACY|D-MART-OFFLINE|DMART|G.V ENTERPRISES|JUST MARK-D-MART|METRO-CNC-RRL|MORE RETAIL|RELIANCE RETAIL|SANCUS NETWORKS-MT-REG.|SRI VIJAYA DURGA AGENCIES,40,19.8163578
MAMAEARTH,8904417323696,2026-07,4,BALAJI ASSOCIATES DISTRIBUTOR MT|METRO-CNC-RRL|RELIANCE RETAIL|SRI VIJAYA DURGA AGENCIES,72,19.4476342
MAMAEARTH,8904417308129,2026-07,7,APOLLO PHARMACY|G.V ENTERPRISES|LULU HYPER|NYKAA E-RETAIL LIMITED|RELIANCE RETAIL|SANCUS NETWORKS-MT-REG.|SPENCER,86,17.826569747457626
MAMAEARTH,8906087776215,2026-07,10,APOLLO PHARMACY|AZ ENTERPRISES-MT|D.L. SALES - MT|G.V ENTERPRISES|MARK ENTERPRISE-APOLLO|NYKAA E-RETAIL LIMITED|RELIANCE RETAIL|SANCUS NETWORKS-MT-REG.|SRI VIJAYA DURGA AGENCIES|VENKATESHWARA AGENCIES-TG,90,17.71168347142857
MAMAEARTH,8904417317183,2026-07,19,AZ ENTERPRISES-MT|BALAJI ASSOCIATES DISTRIBUTOR MT|CHOUDHARY ENTERPRISES|D-MART-OFFLINE|D.L. SALES - MT|DMART|G.V ENTERPRISES|HEALTH & GLOW|KIRAN TRADING COMPANY-SOLAPUR-D-MART|LULU HYPER|M/S KOTTARAM BUSINESS|MARK ENTERPRISE-APOLLO|METRO-CNC-RRL|REAL TIME LOGISTICS_MT_BR|RELIANCE RETAIL|RRL-FOC-SAMPLE|SANCUS NETWORKS-MT-REG.|V-MART|VENKATESHWARA AGENCIES-TG,77,17.100353276271186
MAMAEARTH,8906087770022,2026-07,12,APOLLO PHARMACY|AZ ENTERPRISES-MT|D.L. SALES - MT|FRANK ROSS|G.V ENTERPRISES|LULU HYPER|MARK ENTERPRISE-APOLLO|NYKAA E-RETAIL LIMITED|SPENCER|SRI VIJAYA DURGA AGENCIES|VENKATESHWARA AGENCIES-TG|WELLNESS FOREVER,126,14.643049261904762
MAMAEARTH,8904417317053,2026-08,4,APOLLO PHARMACY|METRO-CNC-RRL|RELIANCE RETAIL|TRAVEL NEWS SERVICES-WSMITH,83,14.3698643
MAMAEARTH,8904417318074,2026-07,20,ARAMBAGH|AZ ENTERPRISES-MT|BALAJI ASSOCIATES DISTRIBUTOR MT|CHOUDHARY ENTERPRISES|D-MART-OFFLINE|D.L. SALES - MT|DMART|G.V ENTERPRISES|HEALTH & GLOW|KIRAN TRADING COMPANY-SOLAPUR-D-MART|LULU HYPER|MARK ENTERPRISE-APOLLO|METRO-CNC-RRL|NYKAA E-RETAIL LIMITED|REAL TIME LOGISTICS_MT_BR|RELIANCE RETAIL|RRL-FOC-SAMPLE|SANCUS NETWORKS-MT-REG.|SUMO SAVE|V-MART,87,13.93423433220339
MAMAEARTH,8904417311549,2026-07,20,APOLLO PHARMACY|AZ ENTERPRISES-MT|CHOUDHARY ENTERPRISES|D-MART-OFFLINE|D.L. SALES - MT|DMART|G.V ENTERPRISES|GUARDIAN HEALTHCARE-DELHI|HEALTH & GLOW|JUST MARK-D-MART|KIRAN TRADING COMPANY-SOLAPUR-D-MART|LULU HYPER|M/S KOTTARAM BUSINESS|MARK ENTERPRISE-APOLLO|NYKAA E-RETAIL LIMITED|REAL TIME LOGISTICS_MT_BR|RELIANCE RETAIL|SANCUS NETWORKS-MT-REG.|SASTA SUNDAR|V-MART,155,13.362715483050847
MAMAEARTH,8904417315738,2026-07,6,APOLLO PHARMACY|ARAMBAGH|D.L. SALES - MT|HEALTH & GLOW|METRO-CNC-RRL|TRAVEL NEWS SERVICES-WSMITH,102,12.7539275
MAMAEARTH,8906087770664,2026-07,17,APOLLO PHARMACY|ARAMBAGH|AZ ENTERPRISES-MT|D.L. SALES - MT|DMART|FRANK ROSS|HEALTH & GLOW|LULU HYPER|M/S KOTTARAM BUSINESS|MARK ENTERPRISE-APOLLO|METRO-CNC-RRL|NYKAA E-RETAIL LIMITED|SASTA SUNDAR|SPENCER|V-MART|VENKATESHWARA AGENCIES-TG|WELLNESS FOREVER,164,12.201019352542373
MAMAEARTH,8904417318081,2026-07,20,ARAMBAGH|AZ ENTERPRISES-MT|CHOUDHARY ENTERPRISES|D-MART-OFFLINE|D.L. SALES - MT|DMART|FRANK ROSS|HEALTH & GLOW|JUST MARK-D-MART|KIRAN TRADING COMPANY-SOLAPUR-D-MART|LULU HYPER|MARK ENTERPRISE-APOLLO|METRO-CNC-RRL|MORE RETAIL|NYKAA E-RETAIL LIMITED|REAL TIME LOGISTICS_MT_BR|RELIANCE RETAIL|RRL-FOC-SAMPLE|SANCUS NETWORKS-MT-REG.|V-MART,172,11.989454530508475
MAMAEARTH,8906087771883,2026-07,14,APOLLO PHARMACY|AZ ENTERPRISES-MT|D.L. SALES - MT|G.V ENTERPRISES|HEALTH & GLOW|LULU HYPER|MARK ENTERPRISE-APOLLO|NYKAA E-RETAIL LIMITED|SANCUS NETWORKS-MT-REG.|SASTA SUNDAR|SPENCER|SRI VIJAYA DURGA AGENCIES|VENKATESHWARA AGENCIES-TG|WELLNESS FOREVER,136,11.544023947619047
MAMAEARTH,8906087776123,2026-08,4,APOLLO PHARMACY|METRO-CNC-RRL|RELIANCE RETAIL|SANCUS NETWORKS-MT-REG.,81,11.534336399999999
MAMAEARTH,8904417312294,2026-07,6,AZ ENTERPRISES-MT|G.V ENTERPRISES|LULU HYPER|RELIANCE RETAIL|TRAVEL NEWS SERVICES-WSMITH|VENKATESHWARA AGENCIES-TG,57,10.716672652380952
MAMAEARTH,8906087778233,2026-07,15,AIRPLAZA|ARAMBAGH|AZ ENTERPRISES-MT|CHOUDHARY ENTERPRISES|D.L. SALES - MT|METRO-CNC-RRL|MORE RETAIL|NYKAA E-RETAIL LIMITED|RELIANCE RETAIL|RR TRADERS-MT|SANCUS NETWORKS-MT-REG.|SASTA SUNDAR|SEHAJ ENTERPRISES -MT-JK|TROY TRADEX-MT-OR -EAST|VMM,292,10.6547141
MAMAEARTH,8906087770534,2026-07,14,APOLLO PHARMACY|ARAMBAGH|AZ ENTERPRISES-MT|D.L. SALES - MT|FRANK ROSS|G.V ENTERPRISES|LULU HYPER|NYKAA E-RETAIL LIMITED|RELIANCE RETAIL|SANCUS NETWORKS-MT-REG.|SASTA SUNDAR|SPENCER|SRI VIJAYA DURGA AGENCIES|VENKATESHWARA AGENCIES-TG,95,10.07339013220339
MAMAEARTH,8904417307764,2026-07,15,APOLLO PHARMACY|AZ ENTERPRISES-MT|D-MART-OFFLINE|D.L. SALES - MT|DMART|HEALTH & GLOW|LULU HYPER|M/S KOTTARAM BUSINESS|MARK ENTERPRISE-APOLLO|NYKAA E-RETAIL LIMITED|RELIANCE RETAIL|SANCUS NETWORKS-MT-REG.|SASTA SUNDAR|SPENCER|VENKATESHWARA AGENCIES-TG,125,9.814333309523809
MAMAEARTH,8904417311501,2026-07,14,APOLLO PHARMACY|ARAMBAGH|AZ ENTERPRISES-MT|D-MART-OFFLINE|D.L. SALES - MT|DMART|FRANK ROSS|G.V ENTERPRISES|LULU HYPER|METRO-CNC-RRL|RELIANCE RETAIL|SUMO SAVE|TRAVEL NEWS SERVICES-WSMITH|V-MART,134,9.761678281355932
MAMAEARTH,8904417318364,2026-07,15,APOLLO PHARMACY|AZ ENTERPRISES-MT|BALAJI ASSOCIATES DISTRIBUTOR MT|CHOUDHARY ENTERPRISES|D.L. SALES - MT|G.V ENTERPRISES|LULU HYPER|MARK ENTERPRISE-APOLLO|METRO-CNC-RRL|NYKAA E-RETAIL LIMITED|REAL TIME LOGISTICS_MT_BR|RELIANCE RETAIL|RRL-FOC-SAMPLE|SANCUS NETWORKS-MT-REG.|SUMO SAVE,94,9.748766128813559
MAMAEARTH,8904417324679,2026-07,4,G.V ENTERPRISES|LULU HYPER|METRO-CNC-RRL|RELIANCE RETAIL,27,9.174263966666667
MAMAEARTH,8906087771814,2026-07,19,AIRPLAZA|APOLLO PHARMACY|ARAMBAGH|BALAJI ASSOCIATES DISTRIBUTOR MT|CHOUDHARY ENTERPRISES|D.L. SALES - MT|G.V ENTERPRISES|HEALTH & GLOW|LULU HYPER|METRO-CNC-RRL|MORE RETAIL|NYKAA E-RETAIL LIMITED|RELIANCE RETAIL|SANCUS NETWORKS-MT-REG.|SASTA SUNDAR|SPENCER|VENKATESHWARA AGENCIES-TG|VMM|WELLNESS FOREVER,186,9.09895882881356
MAMAEARTH,8906087773924,2026-07,8,APOLLO PHARMACY|D.L. SALES - MT|DMART|HEALTH & GLOW|METRO-CNC-RRL|NYKAA E-RETAIL LIMITED|SANCUS NETWORKS-MT-REG.|VENKATESHWARA AGENCIES-TG,60,8.621357399999999
MAMAEARTH,8906087770008,2026-07,12,APOLLO PHARMACY|AZ ENTERPRISES-MT|D.L. SALES - MT|G.V ENTERPRISES|LULU HYPER|MARK ENTERPRISE-APOLLO|NYKAA E-RETAIL LIMITED|RELIANCE RETAIL|SPENCER|SRI VIJAYA DURGA AGENCIES|VENKATESHWARA AGENCIES-TG|WELLNESS FOREVER,75,8.08700049661017
MAMAEARTH,8906087770657,2026-07,19,AIRPLAZA|APOLLO PHARMACY|CHOUDHARY ENTERPRISES|HEALTH & GLOW|LULU HYPER|MARK ENTERPRISE-APOLLO|METRO-CNC-RRL|NYKAA E-RETAIL LIMITED|RELIANCE RETAIL|RR TRADERS-MT|SANCUS NETWORKS-MT-REG.|SASTA SUNDAR|SEHAJ ENTERPRISES -MT-JK|SPENCER|SRI VIJAYA DURGA AGENCIES|TROY TRADEX-MT-OR -EAST|VENKATESHWARA AGENCIES-TG|VMM|WELLNESS FOREVER,338,7.931640184745763
MAMAEARTH,8906087778455,2026-07,11,APOLLO PHARMACY|D-MART-OFFLINE|DMART|G.V ENTERPRISES|HEALTH & GLOW|LULU HYPER|M/S KOTTARAM BUSINESS|MARK ENTERPRISE-APOLLO|METRO-CNC-RRL|NYKAA E-RETAIL LIMITED|RELIANCE RETAIL,138,7.639831055932204
MAMAEARTH,8904417319200,2026-07,9,APOLLO PHARMACY|BALAJI ASSOCIATES DISTRIBUTOR MT|D.L. SALES - MT|LULU HYPER|NYKAA E-RETAIL LIMITED|RELIANCE RETAIL|SANCUS NETWORKS-MT-REG.|SPENCER|TRAVEL NEWS SERVICES-WSMITH,57,7.619575391525424
MAMAEARTH,8906087778240,2026-07,13,AIRPLAZA|ARAMBAGH|AZ ENTERPRISES-MT|CHOUDHARY ENTERPRISES|METRO-CNC-RRL|NYKAA E-RETAIL LIMITED|RELIANCE RETAIL|RR TRADERS-MT|SASTA SUNDAR|SEHAJ ENTERPRISES -MT-JK|SUMO SAVE|TROY TRADEX-MT-OR -EAST|VMM,341,7.4461501000000005
MAMAEARTH,8904417300659,2026-07,9,APOLLO PHARMACY|AZ ENTERPRISES-MT|D.L. SALES - MT|G.V ENTERPRISES|LULU HYPER|MARK ENTERPRISE-APOLLO|RELIANCE RETAIL|SRI VIJAYA DURGA AGENCIES|VENKATESHWARA AGENCIES-TG,191,7.127341885714285
MAMAEARTH,8904417315660,2026-07,7,APOLLO PHARMACY|ARAMBAGH|D.L. SALES - MT|HEALTH & GLOW|METRO-CNC-RRL|RELIANCE RETAIL|SASTA SUNDAR,118,6.4392147
MAMAEARTH,8906087776109,2026-07,8,APOLLO PHARMACY|AZ ENTERPRISES-MT|D.L. SALES - MT|G.V ENTERPRISES|MARK ENTERPRISE-APOLLO|METRO-CNC-RRL|SANCUS NETWORKS-MT-REG.|SRI VIJAYA DURGA AGENCIES,62,6.3506366142857145
MAMAEARTH,8904417325478,2026-07,7,AZ ENTERPRISES-MT|CHOUDHARY ENTERPRISES|RR TRADERS-MT|SANCUS NETWORKS-MT-REG.|SEHAJ ENTERPRISES -MT-JK|TROY TRADEX-MT-OR -EAST|VMM,64,6.0822918999999995
MAMAEARTH,8906087770640,2026-07,3,APOLLO PHARMACY|NYKAA E-RETAIL LIMITED|SASTA SUNDAR,48,5.6399777
MAMAEARTH,8904417318746,2026-07,6,AIRPLAZA|D.L. SALES - MT|LULU HYPER|METRO-CNC-RRL|RELIANCE RETAIL|SANCUS NETWORKS-MT-REG.,193,5.2858142
MAMAEARTH,8906087772460,2026-07,14,APOLLO PHARMACY|AZ ENTERPRISES-MT|D.L. SALES - MT|DMART|HEALTH & GLOW|LULU HYPER|M/S KOTTARAM BUSINESS|METRO-CNC-RRL|NYKAA E-RETAIL LIMITED|SANCUS NETWORKS-MT-REG.|SPENCER|V-MART|VENKATESHWARA AGENCIES-TG|WELLNESS FOREVER,97,4.7870141
MAMAEARTH,8906087770527,2026-07,9,APOLLO PHARMACY|ARAMBAGH|LULU HYPER|METRO-CNC-RRL|MORE RETAIL|NYKAA E-RETAIL LIMITED|RELIANCE RETAIL|SPENCER|WELLNESS FOREVER,110,4.600672480952381
MAMAEARTH,8904417317596,2026-07,10,APOLLO PHARMACY|ARAMBAGH|AZ ENTERPRISES-MT|D.L. SALES - MT|LULU HYPER|M/S KOTTARAM BUSINESS|SANCUS NETWORKS-MT-REG.|SUMO SAVE|TROY TRADEX-MT-OR -EAST|V-MART,29,4.512417896610169
MAMAEARTH,8904417318296,2026-07,8,APOLLO PHARMACY|ARAMBAGH|AZ ENTERPRISES-MT|D.L. SALES - MT|LULU HYPER|RELIANCE RETAIL|SANCUS NETWORKS-MT-REG.|SUMO SAVE,28,3.761405938983051
MAMAEARTH,8906087770510,2026-07,5,APOLLO PHARMACY|D.L. SALES - MT|LULU HYPER|NYKAA E-RETAIL LIMITED|VENKATESHWARA AGENCIES-TG,59,3.7178908761904763
MAMAEARTH,8906087772613,2026-08,3,APOLLO PHARMACY|D.L. SALES - MT|NYKAA E-RETAIL LIMITED,22,3.3586564
MAMAEARTH,8904417325584,2026-07,7,AZ ENTERPRISES-MT|CHOUDHARY ENTERPRISES|RR TRADERS-MT|SANCUS NETWORKS-MT-REG.|SEHAJ ENTERPRISES -MT-JK|TROY TRADEX-MT-OR -EAST|VMM,33,3.2955547000000003
MAMAEARTH,8906087770084,2026-07,5,APOLLO PHARMACY|D.L. SALES - MT|RELIANCE RETAIL|SRI VIJAYA DURGA AGENCIES|VENKATESHWARA AGENCIES-TG,32,2.8995508474576273
MAMAEARTH,8906087779216,2026-07,6,D-MART-OFFLINE|HEALTH & GLOW|METRO-CNC-RRL|NYKAA E-RETAIL LIMITED|RELIANCE RETAIL|VENKATESHWARA AGENCIES-TG,202,2.8619826
MAMAEARTH,8904417318432,2026-08,1,NYKAA E-RETAIL LIMITED,60,2.8537143
MAMAEARTH,8904417320510,2026-07,3,D-MART-OFFLINE|RELIANCE RETAIL|SANCUS NETWORKS-MT-REG.,132,2.7920343
MAMAEARTH,8904417307757,2026-07,10,D.L. SALES - MT|HEALTH & GLOW|LULU HYPER|METRO-CNC-RRL|NYKAA E-RETAIL LIMITED|RELIANCE RETAIL|SANCUS NETWORKS-MT-REG.|SASTA SUNDAR|SPENCER|WELLNESS FOREVER,71,2.727705
MAMAEARTH,8906087770046,2026-07,9,APOLLO PHARMACY|AZ ENTERPRISES-MT|D.L. SALES - MT|G.V ENTERPRISES|LULU HYPER|MARK ENTERPRISE-APOLLO|NYKAA E-RETAIL LIMITED|VENKATESHWARA AGENCIES-TG|WELLNESS FOREVER,68,2.688133479661017
MAMAEARTH,8904417317589,2026-07,7,APOLLO PHARMACY|ARAMBAGH|D.L. SALES - MT|LULU HYPER|SANCUS NETWORKS-MT-REG.|SUMO SAVE|V-MART,17,2.6782026
MAMAEARTH,8904417316407,2026-07,5,D.L. SALES - MT|MORE RETAIL|NYKAA E-RETAIL LIMITED|RELIANCE RETAIL|VENKATESHWARA AGENCIES-TG,143,2.6018668
MAMAEARTH,8904417319873,2026-07,7,D.L. SALES - MT|G.V ENTERPRISES|LULU HYPER|M/S KOTTARAM BUSINESS|NYKAA E-RETAIL LIMITED|RELIANCE RETAIL|SANCUS NETWORKS-MT-REG.,133,2.548540847457627
MAMAEARTH,8904417320183,2026-07,2,RELIANCE RETAIL|SANCUS NETWORKS-MT-REG.,135,2.3100356
MAMAEARTH,8904417305043,2026-07,9,APOLLO PHARMACY|AZ ENTERPRISES-MT|G.V ENTERPRISES|HEALTH & GLOW|LULU HYPER|NYKAA E-RETAIL LIMITED|RELIANCE RETAIL|SANCUS NETWORKS-MT-REG.|SASTA SUNDAR,68,2.289297661904762
MAMAEARTH,8906087775089,2026-07,8,APOLLO PHARMACY|D.L. SALES - MT|G.V ENTERPRISES|HEALTH & GLOW|LULU HYPER|NYKAA E-RETAIL LIMITED|RELIANCE RETAIL|SPENCER,148,2.200814433333333
MAMAEARTH,8904417319880,2026-07,7,AZ ENTERPRISES-MT|D.L. SALES - MT|G.V ENTERPRISES|LULU HYPER|RELIANCE RETAIL|SANCUS NETWORKS-MT-REG.|V-MART,152,2.09223323220339
MAMAEARTH,8904417319910,2026-07,8,APOLLO PHARMACY|ARAMBAGH|AZ ENTERPRISES-MT|G.V ENTERPRISES|LULU HYPER|NYKAA E-RETAIL LIMITED|RELIANCE RETAIL|SANCUS NETWORKS-MT-REG.,109,2.0852091474576273
MAMAEARTH,8904417314267,2026-07,4,HEALTH & GLOW|METRO-CNC-RRL|NYKAA E-RETAIL LIMITED|RELIANCE RETAIL,93,2.0648731
MAMAEARTH,8904417313673,2026-07,4,APOLLO PHARMACY|MORE RETAIL|NYKAA E-RETAIL LIMITED|RELIANCE RETAIL,123,1.977469
MAMAEARTH,8906087776116,2026-07,5,APOLLO PHARMACY|METRO-CNC-RRL|RELIANCE RETAIL|SANCUS NETWORKS-MT-REG.|SRI VIJAYA DURGA AGENCIES,27,1.9407599000000002
MAMAEARTH,8906087773375,2026-07,4,D.L. SALES - MT|MORE RETAIL|NYKAA E-RETAIL LIMITED|SANCUS NETWORKS-MT-REG.,39,1.8209267
MAMAEARTH,8904417305050,2026-07,5,AZ ENTERPRISES-MT|HEALTH & GLOW|LULU HYPER|RELIANCE RETAIL|VENKATESHWARA AGENCIES-TG,93,1.7908509627118645
MAMAEARTH,8906087771203,2026-08,2,NYKAA E-RETAIL LIMITED|SANCUS NETWORKS-MT-REG.,31,1.775018
MAMAEARTH,8906087770121,2026-08,2,APOLLO PHARMACY|NYKAA E-RETAIL LIMITED,39,1.7166191
MAMAEARTH,8904417325294,2026-08,1,RELIANCE RETAIL,6,1.6663071
MAMAEARTH,8904417313178,2026-07,5,AIRPLAZA|APOLLO PHARMACY|RELIANCE RETAIL|SANCUS NETWORKS-MT-REG.|VMM,165,1.650253
MAMAEARTH,8906087778271,2026-08,1,NYKAA E-RETAIL LIMITED,54,1.6276102
MAMAEARTH,8906087770152,2026-07,3,APOLLO PHARMACY|VENKATESHWARA AGENCIES-TG|WELLNESS FOREVER,16,1.6251571
MAMAEARTH,8906087772378,2026-07,9,APOLLO PHARMACY|ARAMBAGH|G.V ENTERPRISES|HEALTH & GLOW|LULU HYPER|METRO-CNC-RRL|NYKAA E-RETAIL LIMITED|SPENCER|WELLNESS FOREVER,74,1.5534309237288135
MAMAEARTH,8906087774259,2026-08,3,NYKAA E-RETAIL LIMITED|RELIANCE RETAIL|SRI VIJAYA DURGA AGENCIES,8,1.4910167
MAMAEARTH,8904417319941,2026-07,3,ARAMBAGH|METRO-CNC-RRL|RELIANCE RETAIL,29,1.4901951
MAMAEARTH,8906087778776,2026-08,1,NYKAA E-RETAIL LIMITED,44,1.4280815
MAMAEARTH,8906087770558,2026-07,7,METRO-CNC-RRL|NYKAA E-RETAIL LIMITED|RELIANCE RETAIL|SASTA SUNDAR|V-MART|VENKATESHWARA AGENCIES-TG|WELLNESS FOREVER,43,1.3897161
MAMAEARTH,8906087775522,2026-07,3,ARAMBAGH|NYKAA E-RETAIL LIMITED|RELIANCE RETAIL,134,1.373494
MAMAEARTH,8904417302608,2026-07,4,HEALTH & GLOW|LULU HYPER|RELIANCE RETAIL|VENKATESHWARA AGENCIES-TG,130,1.3460323406779662
MAMAEARTH,8904417310023,2026-07,2,RELIANCE RETAIL|SUMO SAVE,128,1.3116274
MAMAEARTH,8904417301762,2026-07,7,DMART|HEALTH & GLOW|LULU HYPER|M/S KOTTARAM BUSINESS|METRO-CNC-RRL|RELIANCE RETAIL|SASTA SUNDAR,134,1.2917221169491526
MAMAEARTH,8904417303322,2026-07,8,AZ ENTERPRISES-MT|DMART|HEALTH & GLOW|LULU HYPER|METRO-CNC-RRL|NYKAA E-RETAIL LIMITED|SASTA SUNDAR|VENKATESHWARA AGENCIES-TG,65,1.2607701745762712
MAMAEARTH,8906087778523,2026-07,2,LULU HYPER|NYKAA E-RETAIL LIMITED,33,1.2345151762711866
MAMAEARTH,8904417308099,2026-08,2,NYKAA E-RETAIL LIMITED|WELLNESS FOREVER,28,1.2189634
MAMAEARTH,8904417316292,2026-08,1,NYKAA E-RETAIL LIMITED,38,1.2117603000000001
MAMAEARTH,8906087772897,2026-07,10,APOLLO PHARMACY|AZ ENTERPRISES-MT|D.L. SALES - MT|G.V ENTERPRISES|HEALTH & GLOW|LULU HYPER|METRO-CNC-RRL|NYKAA E-RETAIL LIMITED|SPENCER|VENKATESHWARA AGENCIES-TG,45,1.2061869285714286
MAMAEARTH,8904417319972,2026-08,1,NYKAA E-RETAIL LIMITED,49,1.1718596000000001
MAMAEARTH,8904417313420,2026-07,5,APOLLO PHARMACY|FRANK ROSS|HEALTH & GLOW|LULU HYPER|NYKAA E-RETAIL LIMITED,28,1.1433731644067797
MAMAEARTH,8904417303315,2026-07,7,D.L. SALES - MT|DMART|FRANK ROSS|HEALTH & GLOW|LULU HYPER|METRO-CNC-RRL|NYKAA E-RETAIL LIMITED,44,1.0723443864406779
MAMAEARTH,8906087778486,2026-07,10,APOLLO PHARMACY|AZ ENTERPRISES-MT|D.L. SALES - MT|G.V ENTERPRISES|HEALTH & GLOW|LULU HYPER|M/S KOTTARAM BUSINESS|NYKAA E-RETAIL LIMITED|SPENCER|VENKATESHWARA AGENCIES-TG,67,1.042689493220339
MAMAEARTH,8904417317701,2026-07,3,G.V ENTERPRISES|LULU HYPER|RELIANCE RETAIL,25,1.0223507915254237
MAMAEARTH,8904417311440,2026-07,3,APOLLO PHARMACY|RELIANCE RETAIL|SANCUS NETWORKS-MT-REG.,78,1.0102098
MAMAEARTH,8906087770459,2026-07,1,RELIANCE RETAIL,101,0.9798212999999999
MAMAEARTH,8904417300673,2026-07,2,LULU HYPER|NYKAA E-RETAIL LIMITED,37,0.953570806779661
MAMAEARTH,8906087773511,2026-07,7,APOLLO PHARMACY|DMART|HEALTH & GLOW|RELIANCE RETAIL|SUMO SAVE|VENKATESHWARA AGENCIES-TG|WELLNESS FOREVER,162,0.9333163
MAMAEARTH,8904417318302,2026-08,1,NYKAA E-RETAIL LIMITED,38,0.8727256
MAMAEARTH,8906087776758,2026-07,4,LULU HYPER|M/S KOTTARAM BUSINESS|NYKAA E-RETAIL LIMITED|RELIANCE RETAIL,63,0.8468915779661017
MAMAEARTH,8904417311655,2026-07,4,NYKAA E-RETAIL LIMITED|RELIANCE RETAIL|SASTA SUNDAR|WELLNESS FOREVER,124,0.8117462
MAMAEARTH,8906087772279,2026-07,7,AZ ENTERPRISES-MT|HEALTH & GLOW|LULU HYPER|NYKAA E-RETAIL LIMITED|SASTA SUNDAR|SPENCER|VENKATESHWARA AGENCIES-TG,12,0.8022659542372882
MAMAEARTH,8906087778783,2026-08,1,NYKAA E-RETAIL LIMITED,44,0.7703907999999999
MAMAEARTH,8904417305838,2026-07,2,RELIANCE RETAIL|SASTA SUNDAR,80,0.7402592
MAMAEARTH,8904417303308,2026-07,3,LULU HYPER|METRO-CNC-RRL|NYKAA E-RETAIL LIMITED,20,0.7364932355932203
MAMAEARTH,8904417313574,2026-08,1,METRO-CNC-RRL,11,0.7313917
MAMAEARTH,8906087775812,2026-08,1,NYKAA E-RETAIL LIMITED,25,0.7268688
MAMAEARTH,8906087773535,2026-07,10,APOLLO PHARMACY|AZ ENTERPRISES-MT|DMART|HEALTH & GLOW|LULU HYPER|RELIANCE RETAIL|SRI VIJAYA DURGA AGENCIES|SUMO SAVE|V-MART|VENKATESHWARA AGENCIES-TG,138,0.6785918338983051
MAMAEARTH,8904417324617,2026-07,2,LULU HYPER|METRO-CNC-RRL,7,0.6540089372881356
MAMAEARTH,8906087772439,2026-08,3,D-MART-OFFLINE|NYKAA E-RETAIL LIMITED|SANCUS NETWORKS-MT-REG.,15,0.6110526000000001
MAMAEARTH,8904417312867,2026-07,4,HEALTH & GLOW|NYKAA E-RETAIL LIMITED|RELIANCE RETAIL|SANCUS NETWORKS-MT-REG.,33,0.5837095
MAMAEARTH,8904417320558,2026-07,1,RELIANCE RETAIL,81,0.5819832
MAMAEARTH,8906087771319,2026-08,2,NYKAA E-RETAIL LIMITED|WELLNESS FOREVER,27,0.5644585
MAMAEARTH,8904417325485,2026-08,8,AZ ENTERPRISES-MT|CHOUDHARY ENTERPRISES|D.L. SALES - MT|MARK ENTERPRISE-APOLLO|NYKAA E-RETAIL LIMITED|REAL TIME LOGISTICS_MT_BR|RRL-FOC-SAMPLE|SANCUS NETWORKS-MT-REG.,27,0.5636829
MAMAEARTH,8904417320725,2026-08,1,NYKAA E-RETAIL LIMITED,27,0.547933
MAMAEARTH,8904417312171,2026-07,1,RELIANCE RETAIL,100,0.5416969
MAMAEARTH,8906087773474,2026-07,6,APOLLO PHARMACY|HEALTH & GLOW|RELIANCE RETAIL|SUMO SAVE|V-MART|VENKATESHWARA AGENCIES-TG,123,0.5240042
MAMAEARTH,8906087777762,2026-08,1,NYKAA E-RETAIL LIMITED,18,0.5026892000000001
MAMAEARTH,8904417319927,2026-07,1,RELIANCE RETAIL,66,0.4544668
MAMAEARTH,8906087776536,2026-08,1,NYKAA E-RETAIL LIMITED,17,0.414032
MAMAEARTH,8904417316438,2026-08,1,NYKAA E-RETAIL LIMITED,28,0.4039198
MAMAEARTH,8906087779261,2026-08,3,APOLLO PHARMACY|AZ ENTERPRISES-MT|SANCUS NETWORKS-MT-REG.,4,0.40277620000000003
MAMAEARTH,8904417312386,2026-07,5,AZ ENTERPRISES-MT|HEALTH & GLOW|LULU HYPER|NYKAA E-RETAIL LIMITED|SPENCER,14,0.40039820476190474
MAMAEARTH,8904417315127,2026-07,3,HEALTH & GLOW|LULU HYPER|M/S KOTTARAM BUSINESS,14,0.3917834428571429
MAMAEARTH,8906087776000,2026-07,3,LULU HYPER|SPENCER|VENKATESHWARA AGENCIES-TG,4,0.38311336101694915
MAMAEARTH,8904417318333,2026-08,1,NYKAA E-RETAIL LIMITED,32,0.3694205
MAMAEARTH,8904417302325,2026-07,3,HEALTH & GLOW|LULU HYPER|NYKAA E-RETAIL LIMITED,14,0.359381006779661
MAMAEARTH,8906087770695,2026-07,3,LULU HYPER|NYKAA E-RETAIL LIMITED|SANCUS NETWORKS-MT-REG.,6,0.3498365338983051
MAMAEARTH,8904417320527,2026-07,1,RELIANCE RETAIL,37,0.31673989999999996
MAMAEARTH,8906087779254,2026-08,2,AZ ENTERPRISES-MT|SANCUS NETWORKS-MT-REG.,2,0.311885
MAMAEARTH,8904417318418,2026-08,1,NYKAA E-RETAIL LIMITED,27,0.3099162
MAMAEARTH,8906087774020,2026-07,4,AZ ENTERPRISES-MT|LULU HYPER|MORE RETAIL|VENKATESHWARA AGENCIES-TG,4,0.2997826
MAMAEARTH,8904417316179,2026-08,1,RELIANCE RETAIL,1,0.2981309
MAMAEARTH,8906087772484,2026-07,4,APOLLO PHARMACY|HEALTH & GLOW|NYKAA E-RETAIL LIMITED|VENKATESHWARA AGENCIES-TG,27,0.2808914
MAMAEARTH,8906087772491,2026-08,1,NYKAA E-RETAIL LIMITED,10,0.2688312
MAMAEARTH,8906087772941,2026-08,1,NYKAA E-RETAIL LIMITED,7,0.2655718
MAMAEARTH,8904417302301,2026-07,3,HEALTH & GLOW|LULU HYPER|RELIANCE RETAIL,30,0.26484846610169493
MAMAEARTH,8906087776413,2026-08,2,NYKAA E-RETAIL LIMITED|RELIANCE RETAIL,2,0.2536241
MAMAEARTH,8906087773115,2026-07,3,GUARDIAN HEALTHCARE-DELHI|HEALTH & GLOW|NYKAA E-RETAIL LIMITED,17,0.2388966
MAMAEARTH,8904417313963,2026-07,3,APOLLO PHARMACY|HEALTH & GLOW|LULU HYPER,18,0.23664203898305086
MAMAEARTH,8906087776932,2026-07,2,DMART|HEALTH & GLOW,33,0.2223515
MAMAEARTH,8906087778288,2026-08,1,NYKAA E-RETAIL LIMITED,5,0.1993454
MAMAEARTH,8906087779124,2026-07,2,HEALTH & GLOW|SANCUS NETWORKS-MT-REG.,18,0.1956773
MAMAEARTH,8904417321722,2026-07,1,APOLLO PHARMACY,7,0.1891467
MAMAEARTH,8904417318357,2026-07,1,RELIANCE RETAIL,21,0.1864501
MAMAEARTH,8904417312997,2026-07,3,HEALTH & GLOW|NYKAA E-RETAIL LIMITED|RELIANCE RETAIL,17,0.18608609999999998
MAMAEARTH,8904417318876,2026-07,1,RELIANCE RETAIL,25,0.18540749999999998
MAMAEARTH,8906087773917,2026-08,1,VENKATESHWARA AGENCIES-TG,1,0.1763131
MAMAEARTH,8906087775188,2026-07,2,HEALTH & GLOW|LULU HYPER,7,0.17363411355932204
MAMAEARTH,8906087772545,2026-07,1,MORE RETAIL,1,0.1704024
MAMAEARTH,8906087771845,2026-07,3,APOLLO PHARMACY|HEALTH & GLOW|NYKAA E-RETAIL LIMITED,19,0.163569
MAMAEARTH,8904417303445,2026-07,2,LULU HYPER|SRI VIJAYA DURGA AGENCIES,2,0.15790556610169493
MAMAEARTH,8906087778479,2026-07,3,HEALTH & GLOW|LULU HYPER|SPENCER,12,0.1548353
MAMAEARTH,8906087770947,2026-07,2,DMART|HEALTH & GLOW,21,0.1508788
MAMAEARTH,8904417322675,2026-08,1,NYKAA E-RETAIL LIMITED,14,0.143801
MAMAEARTH,8906087776628,2026-07,1,LULU HYPER,2,0.1385831661016949
MAMAEARTH,8906087770893,2026-08,1,NYKAA E-RETAIL LIMITED,6,0.1331186
MAMAEARTH,8904417312430,2026-07,3,HEALTH & GLOW|LULU HYPER|NYKAA E-RETAIL LIMITED,12,0.1288835406779661
MAMAEARTH,8906087771944,2026-07,2,LULU HYPER|NYKAA E-RETAIL LIMITED,6,0.12518226779661018
MAMAEARTH,8904417320732,2026-08,1,NYKAA E-RETAIL LIMITED,8,0.1190078
MAMAEARTH,8906087772477,2026-08,1,NYKAA E-RETAIL LIMITED,7,0.11808160000000001
MAMAEARTH,8906087778264,2026-08,1,NYKAA E-RETAIL LIMITED,4,0.1161461
MAMAEARTH,8906087772873,2026-07,2,HEALTH & GLOW|LULU HYPER,7,0.10994150000000001
MAMAEARTH,8906087776895,2026-07,2,DMART|HEALTH & GLOW,18,0.10705830000000001
MAMAEARTH,8906087773016,2026-07,4,DMART|HEALTH & GLOW|LULU HYPER|NYKAA E-RETAIL LIMITED,9,0.10586105423728814
MAMAEARTH,8904417312133,2026-07,3,DMART|HEALTH & GLOW|NYKAA E-RETAIL LIMITED,12,0.09856480000000001
MAMAEARTH,8906087770435,2026-07,3,HEALTH & GLOW|MORE RETAIL|NYKAA E-RETAIL LIMITED,4,0.0982201
MAMAEARTH,8906087775546,2026-07,2,NYKAA E-RETAIL LIMITED|RELIANCE RETAIL,16,0.0976666
MAMAEARTH,8906087775126,2026-08,1,NYKAA E-RETAIL LIMITED,6,0.09485260000000001
MAMAEARTH,8904417320008,2026-08,1,RELIANCE RETAIL,1,0.0886267
MAMAEARTH,8906087777229,2026-07,2,HEALTH & GLOW|LULU HYPER,7,0.08651249999999999
MAMAEARTH,8904417302318,2026-07,2,HEALTH & GLOW|RELIANCE RETAIL,20,0.0799703
MAMAEARTH,8904417313765,2026-07,2,HEALTH & GLOW|SRI VIJAYA DURGA AGENCIES,8,0.07877569999999999
MAMAEARTH,8906087775096,2026-07,2,HEALTH & GLOW|SPENCER,12,0.056082099999999996
MAMAEARTH,8904417315677,2026-07,2,HEALTH & GLOW|VENKATESHWARA AGENCIES-TG,13,0.052602300000000005
MAMAEARTH,8906087777212,2026-07,2,HEALTH & GLOW|LULU HYPER,2,0.05190750000000001
MAMAEARTH,8904417315622,2026-07,4,HEALTH & GLOW|M/S KOTTARAM BUSINESS|RELIANCE RETAIL|VENKATESHWARA AGENCIES-TG,9,0.0477528
MAMAEARTH,8906087779322,2026-07,1,HEALTH & GLOW,6,0.046194299999999994
MAMAEARTH,8906087771685,2026-07,1,LULU HYPER,1,0.03959525423728814
MAMAEARTH,8904417315035,2026-08,1,NYKAA E-RETAIL LIMITED,5,0.0373065
MAMAEARTH,8904417312447,2026-08,1,NYKAA E-RETAIL LIMITED,3,0.033196500000000004
MAMAEARTH,8906087777847,2026-08,1,NYKAA E-RETAIL LIMITED,2,0.0299018
MAMAEARTH,8906087779339,2026-07,1,HEALTH & GLOW,5,0.029696399999999998
MAMAEARTH,8906087779353,2026-07,1,HEALTH & GLOW,6,0.0246018
MAMAEARTH,8906087771340,2026-07,2,HEALTH & GLOW|SPENCER,6,0.0235199
MAMAEARTH,8906087772330,2026-07,1,LULU HYPER,1,0.0230971186440678
MAMAEARTH,8904417306170,2026-08,1,NYKAA E-RETAIL LIMITED,2,0.0199179
MAMAEARTH,8904417303407,2026-08,1,SRI VIJAYA DURGA AGENCIES,1,0.0195576
MAMAEARTH,8906087770060,2026-07,1,SASTA SUNDAR,1,0.019004
MAMAEARTH,8904417315042,2026-08,1,NYKAA E-RETAIL LIMITED,2,0.0158576
MAMAEARTH,8904417322552,2026-08,1,APOLLO PHARMACY,1,0.014888
MAMAEARTH,8904417312478,2026-08,1,NYKAA E-RETAIL LIMITED,1,0.0132786
MAMAEARTH,8906087775539,2026-08,1,NYKAA E-RETAIL LIMITED,1,0.0132786
MAMAEARTH,8906087771982,2026-07,1,APOLLO PHARMACY,3,0.0108205
MAMAEARTH,8904417306002,2026-08,1,NYKAA E-RETAIL LIMITED,1,0.0066393
MAMAEARTH,8904417312515,2026-08,1,NYKAA E-RETAIL LIMITED,1,0.0066393
MAMAEARTH,8904417312522,2026-08,1,NYKAA E-RETAIL LIMITED,1,0.0066393
MAMAEARTH,8904417315554,2026-08,1,HEALTH & GLOW,1,0.0057674
MAMAEARTH,8904417312300,2026-07,1,HEALTH & GLOW,2,0.0046058
MAMAEARTH,8906087771968,2026-08,1,APOLLO PHARMACY,1,0.0032427
MAMAEARTH,8904417312379,2026-07,1,HEALTH & GLOW,1,0.0017123
MAMAEARTH,8904417310030,2026-08,5,AZ ENTERPRISES-MT|CHOUDHARY ENTERPRISES|MARK ENTERPRISE-APOLLO|REAL TIME LOGISTICS_MT_BR|SANCUS NETWORKS-MT-REG.,6,0.00022700000000000002
MAMAEARTH,8904417319767,2026-08,2,CHOUDHARY ENTERPRISES|REAL TIME LOGISTICS_MT_BR,2,8.8e-05
MAMAEARTH,8904417325997,2026-08,7,AZ ENTERPRISES-MT|CHOUDHARY ENTERPRISES|D.L. SALES - MT|MARK ENTERPRISE-APOLLO|REAL TIME LOGISTICS_MT_BR|RRL-FOC-SAMPLE|SANCUS NETWORKS-MT-REG.,9,1.8e-05
MAMAEARTH,8904417326017,2026-08,6,CHOUDHARY ENTERPRISES|D.L. SALES - MT|MARK ENTERPRISE-APOLLO|REAL TIME LOGISTICS_MT_BR|RRL-FOC-SAMPLE|SANCUS NETWORKS-MT-REG.,8,1.6e-05
MAMAEARTH,8904417326031,2026-08,6,CHOUDHARY ENTERPRISES|D.L. SALES - MT|MARK ENTERPRISE-APOLLO|REAL TIME LOGISTICS_MT_BR|RRL-FOC-SAMPLE|SANCUS NETWORKS-MT-REG.,8,1.6e-05
MAMAEARTH,8904417301496,2026-08,1,D-MART-OFFLINE,1,2e-06
MAMAEARTH,8904417302097,2026-08,1,D-MART-OFFLINE,1,2e-06
MAMAEARTH,8904417324686,2026-08,1,D-MART-OFFLINE,1,1e-06
THE DERMA CO,8904417315141,2026-07,27,APOLLO PHARMACY|ARAMBAGH|AZ ENTERPRISES-MT|BALAJI ASSOCIATES DISTRIBUTOR MT|D-MART-OFFLINE|D.L. SALES - MT|DMART|FRANK ROSS|G.V ENTERPRISES|GUARDIAN HEALTHCARE-DELHI|HEALTH & GLOW|HYPERMAX CITY-CARREFOUR|JUST MARK-D-MART|KIRAN TRADING COMPANY-SOLAPUR-D-MART|LULU HYPER|METRO-CNC-RRL|MORE RETAIL|NYKAA E-RETAIL LIMITED|RELIANCE RETAIL|RELIANCE RETAIL-(AZORTE)|SANCUS NETWORKS-MT-REG.|SPENCER|SRI VIJAYA DURGA AGENCIES|STAR BAZAAR|TRAVEL NEWS SERVICES-WSMITH|VENKATESHWARA AGENCIES-TG|WELLNESS FOREVER,343,484.42344292847457
THE DERMA CO,8906087775645,2026-07,22,APOLLO PHARMACY|ARAMBAGH|AZ ENTERPRISES-MT|D-MART-OFFLINE|D.L. SALES - MT|DMART|FRANK ROSS|GUARDIAN HEALTHCARE-DELHI|HEALTH & GLOW|JUST MARK-D-MART|KIRAN TRADING COMPANY-SOLAPUR-D-MART|LULU HYPER|M/S KOTTARAM BUSINESS|MARK ENTERPRISE-APOLLO|METRO-CNC-RRL|MORE RETAIL|NYKAA E-RETAIL LIMITED|RELIANCE RETAIL-(AZORTE)|SANCUS NETWORKS-MT-REG.|SRI VIJAYA DURGA AGENCIES|VENKATESHWARA AGENCIES-TG|WELLNESS FOREVER,193,255.2502350322034
THE DERMA CO,8904417306248,2026-07,20,APOLLO PHARMACY|AZ ENTERPRISES-MT|BALAJI ASSOCIATES DISTRIBUTOR MT|D-MART-OFFLINE|D.L. SALES - MT|DMART|EREMEDIUM|G.V ENTERPRISES|HEALTH & GLOW|HYPERMAX CITY-CARREFOUR|JUST MARK-D-MART|KIRAN TRADING COMPANY-SOLAPUR-D-MART|LULU HYPER|M/S KOTTARAM BUSINESS|METRO-CNC-RRL|NYKAA E-RETAIL LIMITED|RELIANCE RETAIL|RELIANCE RETAIL-(AZORTE)|SRI VIJAYA DURGA AGENCIES|VENKATESHWARA AGENCIES-TG,218,219.0296598101695
THE DERMA CO,8904417314755,2026-07,21,APOLLO PHARMACY|ARAMBAGH|AZ ENTERPRISES-MT|BALAJI ASSOCIATES DISTRIBUTOR MT|D.L. SALES - MT|DMART|FRANK ROSS|G.V ENTERPRISES|GUARDIAN HEALTHCARE-DELHI|HEALTH & GLOW|HYPERMAX CITY-CARREFOUR|LULU HYPER|METRO-CNC-RRL|NYKAA E-RETAIL LIMITED|RELIANCE RETAIL|RELIANCE RETAIL-(AZORTE)|SANCUS NETWORKS-MT-REG.|SPENCER|SRI VIJAYA DURGA AGENCIES|TRAVEL NEWS SERVICES-WSMITH|WELLNESS FOREVER,294,148.12673684237288
THE DERMA CO,8904417325324,2026-07,12,APOLLO PHARMACY|AZ ENTERPRISES-MT|BALAJI ASSOCIATES DISTRIBUTOR MT|G.V ENTERPRISES|HYPERMAX CITY-CARREFOUR|LULU HYPER|M/S KOTTARAM BUSINESS|MARK ENTERPRISE-APOLLO|RELIANCE RETAIL|RRL-FOC-SAMPLE|SANCUS NETWORKS-MT-REG.|SRI VIJAYA DURGA AGENCIES,48,36.195774685714284
THE DERMA CO,8906087772040,2026-07,21,APOLLO PHARMACY|AZ ENTERPRISES-MT|D-MART-OFFLINE|D.L. SALES - MT|DMART|EREMEDIUM|G.V ENTERPRISES|GUARDIAN HEALTHCARE-DELHI|HEALTH & GLOW|HYPERMAX CITY-CARREFOUR|LULU HYPER|MARK ENTERPRISE-APOLLO|METRO-CNC-RRL|MORE RETAIL|NYKAA E-RETAIL LIMITED|RELIANCE RETAIL|RELIANCE RETAIL-(AZORTE)|SANCUS NETWORKS-MT-REG.|SRI VIJAYA DURGA AGENCIES|VENKATESHWARA AGENCIES-TG|WELLNESS FOREVER,166,35.6483221779661
THE DERMA CO,8904417325348,2026-07,11,APOLLO PHARMACY|AZ ENTERPRISES-MT|BALAJI ASSOCIATES DISTRIBUTOR MT|G.V ENTERPRISES|HYPERMAX CITY-CARREFOUR|LULU HYPER|M/S KOTTARAM BUSINESS|MARK ENTERPRISE-APOLLO|RELIANCE RETAIL|SANCUS NETWORKS-MT-REG.|SRI VIJAYA DURGA AGENCIES,44,33.73158547142857
THE DERMA CO,8904417306231,2026-07,17,APOLLO PHARMACY|AZ ENTERPRISES-MT|D-MART-OFFLINE|DMART|FRANK ROSS|G.V ENTERPRISES|HEALTH & GLOW|HYPERMAX CITY-CARREFOUR|LULU HYPER|M/S KOTTARAM BUSINESS|METRO-CNC-RRL|NYKAA E-RETAIL LIMITED|RELIANCE RETAIL|RELIANCE RETAIL-(AZORTE)|STAR BAZAAR|TRAVEL NEWS SERVICES-WSMITH|V-MART,72,32.46680600169492
THE DERMA CO,8906087776604,2026-07,15,APOLLO PHARMACY|AZ ENTERPRISES-MT|D.L. SALES - MT|DMART|FRANK ROSS|G.V ENTERPRISES|GUARDIAN HEALTHCARE-DELHI|HEALTH & GLOW|LULU HYPER|MORE RETAIL|NYKAA E-RETAIL LIMITED|RELIANCE RETAIL|RELIANCE RETAIL-(AZORTE)|SANCUS NETWORKS-MT-REG.|VENKATESHWARA AGENCIES-TG,130,27.292920915254236
THE DERMA CO,8906087775607,2026-07,21,APOLLO PHARMACY|AZ ENTERPRISES-MT|BALAJI ASSOCIATES DISTRIBUTOR MT|D.L. SALES - MT|DMART|EREMEDIUM|FRANK ROSS|G.V ENTERPRISES|HEALTH & GLOW|HYPERMAX CITY-CARREFOUR|LULU HYPER|M/S KOTTARAM BUSINESS|MARK ENTERPRISE-APOLLO|METRO-CNC-RRL|MORE RETAIL|NYKAA E-RETAIL LIMITED|RELIANCE RETAIL|RELIANCE RETAIL-(AZORTE)|SRI VIJAYA DURGA AGENCIES|VENKATESHWARA AGENCIES-TG|WELLNESS FOREVER,139,26.758048169491527
THE DERMA CO,8906087775713,2026-07,18,APOLLO PHARMACY|D-MART-OFFLINE|DMART|FRANK ROSS|HEALTH & GLOW|HYPERMAX CITY-CARREFOUR|JUST MARK-D-MART|LULU HYPER|M/S KOTTARAM BUSINESS|METRO-CNC-RRL|MORE RETAIL|NYKAA E-RETAIL LIMITED|RELIANCE RETAIL|RELIANCE RETAIL-(AZORTE)|SANCUS NETWORKS-MT-REG.|SPENCER|VENKATESHWARA AGENCIES-TG|WELLNESS FOREVER,67,26.364571447457628
THE DERMA CO,8906087773849,2026-07,20,APOLLO PHARMACY|AZ ENTERPRISES-MT|BALAJI ASSOCIATES DISTRIBUTOR MT|D-MART-OFFLINE|D.L. SALES - MT|DMART|G.V ENTERPRISES|GUARDIAN HEALTHCARE-DELHI|HEALTH & GLOW|HYPERMAX CITY-CARREFOUR|LULU HYPER|M/S KOTTARAM BUSINESS|MARK ENTERPRISE-APOLLO|MORE RETAIL|NYKAA E-RETAIL LIMITED|RELIANCE RETAIL|RELIANCE RETAIL-(AZORTE)|SRI VIJAYA DURGA AGENCIES|VENKATESHWARA AGENCIES-TG|WELLNESS FOREVER,158,23.33274773559322
THE DERMA CO,8904417306576,2026-07,16,APOLLO PHARMACY|AZ ENTERPRISES-MT|D-MART-OFFLINE|D.L. SALES - MT|DMART|EREMEDIUM|G.V ENTERPRISES|HEALTH & GLOW|LULU HYPER|MARK ENTERPRISE-APOLLO|NYKAA E-RETAIL LIMITED|RELIANCE RETAIL|RELIANCE RETAIL-(AZORTE)|SANCUS NETWORKS-MT-REG.|SRI VIJAYA DURGA AGENCIES|VENKATESHWARA AGENCIES-TG,132,23.18987042881356
THE DERMA CO,8904417316056,2026-07,13,APOLLO PHARMACY|AZ ENTERPRISES-MT|BALAJI ASSOCIATES DISTRIBUTOR MT|D-MART-OFFLINE|D.L. SALES - MT|EREMEDIUM|FRANK ROSS|METRO-CNC-RRL|NYKAA E-RETAIL LIMITED|RELIANCE RETAIL|RELIANCE RETAIL-(AZORTE)|SANCUS NETWORKS-MT-REG.|WELLNESS FOREVER,115,14.9038127
THE DERMA CO,8904417314618,2026-07,7,DMART|G.V ENTERPRISES|HEALTH & GLOW|LULU HYPER|M/S KOTTARAM BUSINESS|RELIANCE RETAIL-(AZORTE)|SRI VIJAYA DURGA AGENCIES,16,9.797493913559322
THE DERMA CO,8904417311662,2026-07,6,BALAJI ASSOCIATES DISTRIBUTOR MT|LULU HYPER|M/S KOTTARAM BUSINESS|RELIANCE RETAIL|RELIANCE RETAIL-(AZORTE)|SRI VIJAYA DURGA AGENCIES,23,8.4236061
THE DERMA CO,8904417309171,2026-07,15,APOLLO PHARMACY|AZ ENTERPRISES-MT|D-MART-OFFLINE|D.L. SALES - MT|DMART|G.V ENTERPRISES|GUARDIAN HEALTHCARE-DELHI|HEALTH & GLOW|LULU HYPER|MARK ENTERPRISE-APOLLO|NYKAA E-RETAIL LIMITED|RELIANCE RETAIL|RELIANCE RETAIL-(AZORTE)|VENKATESHWARA AGENCIES-TG|WELLNESS FOREVER,80,8.196475366101694
THE DERMA CO,8904417303131,2026-07,10,APOLLO PHARMACY|AZ ENTERPRISES-MT|BALAJI ASSOCIATES DISTRIBUTOR MT|HEALTH & GLOW|LULU HYPER|M/S KOTTARAM BUSINESS|RELIANCE RETAIL|RELIANCE RETAIL-(AZORTE)|SRI VIJAYA DURGA AGENCIES|VENKATESHWARA AGENCIES-TG,46,7.393515615254237
THE DERMA CO,8904417322521,2026-07,4,APOLLO PHARMACY|LULU HYPER|M/S KOTTARAM BUSINESS|VENKATESHWARA AGENCIES-TG,11,6.75095506440678
THE DERMA CO,8906087778363,2026-07,11,APOLLO PHARMACY|AZ ENTERPRISES-MT|DMART|GUARDIAN HEALTHCARE-DELHI|HEALTH & GLOW|LULU HYPER|M/S KOTTARAM BUSINESS|NYKAA E-RETAIL LIMITED|RELIANCE RETAIL-(AZORTE)|VENKATESHWARA AGENCIES-TG|WELLNESS FOREVER,47,6.4472292864406775
THE DERMA CO,8906087772095,2026-07,14,APOLLO PHARMACY|AZ ENTERPRISES-MT|DMART|FRANK ROSS|G.V ENTERPRISES|GUARDIAN HEALTHCARE-DELHI|HEALTH & GLOW|LULU HYPER|M/S KOTTARAM BUSINESS|METRO-CNC-RRL|NYKAA E-RETAIL LIMITED|RELIANCE RETAIL-(AZORTE)|SRI VIJAYA DURGA AGENCIES|WELLNESS FOREVER,48,6.329360583050848
THE DERMA CO,8906087779292,2026-07,11,APOLLO PHARMACY|AZ ENTERPRISES-MT|BALAJI ASSOCIATES DISTRIBUTOR MT|D.L. SALES - MT|LULU HYPER|MARK ENTERPRISE-APOLLO|NYKAA E-RETAIL LIMITED|RELIANCE RETAIL|RELIANCE RETAIL-(AZORTE)|RRL-FOC-SAMPLE|SANCUS NETWORKS-MT-REG.,74,6.250125023728813
THE DERMA CO,8904417309188,2026-07,15,APOLLO PHARMACY|AZ ENTERPRISES-MT|BALAJI ASSOCIATES DISTRIBUTOR MT|D-MART-OFFLINE|D.L. SALES - MT|DMART|G.V ENTERPRISES|HEALTH & GLOW|LULU HYPER|M/S KOTTARAM BUSINESS|MARK ENTERPRISE-APOLLO|NYKAA E-RETAIL LIMITED|RELIANCE RETAIL|SRI VIJAYA DURGA AGENCIES|VENKATESHWARA AGENCIES-TG,62,5.8751716033898305
THE DERMA CO,8904417302578,2026-07,15,APOLLO PHARMACY|AZ ENTERPRISES-MT|D.L. SALES - MT|DMART|HEALTH & GLOW|LULU HYPER|MARK ENTERPRISE-APOLLO|NYKAA E-RETAIL LIMITED|RELIANCE RETAIL|RELIANCE RETAIL-(AZORTE)|RRL-FOC-SAMPLE|SANCUS NETWORKS-MT-REG.|SRI VIJAYA DURGA AGENCIES|VENKATESHWARA AGENCIES-TG|WELLNESS FOREVER,90,5.862036037288136
THE DERMA CO,8906087776017,2026-07,7,APOLLO PHARMACY|AZ ENTERPRISES-MT|DMART|HEALTH & GLOW|LULU HYPER|RELIANCE RETAIL|WELLNESS FOREVER,91,5.716410562711864
THE DERMA CO,8904417319538,2026-07,10,APOLLO PHARMACY|AZ ENTERPRISES-MT|D-MART-OFFLINE|G.V ENTERPRISES|LULU HYPER|NYKAA E-RETAIL LIMITED|RELIANCE RETAIL|RELIANCE RETAIL-(AZORTE)|SRI VIJAYA DURGA AGENCIES|VENKATESHWARA AGENCIES-TG,35,5.457394608474576
THE DERMA CO,8904417311907,2026-07,2,BALAJI ASSOCIATES DISTRIBUTOR MT|RELIANCE RETAIL,22,5.3013235
THE DERMA CO,8906087772064,2026-07,13,APOLLO PHARMACY|AZ ENTERPRISES-MT|D.L. SALES - MT|DMART|FRANK ROSS|HEALTH & GLOW|LULU HYPER|MARK ENTERPRISE-APOLLO|METRO-CNC-RRL|NYKAA E-RETAIL LIMITED|RELIANCE RETAIL|VENKATESHWARA AGENCIES-TG|WELLNESS FOREVER,94,5.138181215254237
THE DERMA CO,8904417322507,2026-07,3,APOLLO PHARMACY|G.V ENTERPRISES|LULU HYPER,12,4.934861737288136
THE DERMA CO,8906087775690,2026-07,9,ARAMBAGH|DMART|GUARDIAN HEALTHCARE-DELHI|HEALTH & GLOW|NYKAA E-RETAIL LIMITED|RELIANCE RETAIL|RELIANCE RETAIL-(AZORTE)|VENKATESHWARA AGENCIES-TG|WELLNESS FOREVER,62,4.1069395
THE DERMA CO,8904417315134,2026-08,1,APOLLO PHARMACY,14,3.9665114
THE DERMA CO,8904417306521,2026-07,8,APOLLO PHARMACY|DMART|HEALTH & GLOW|LULU HYPER|NYKAA E-RETAIL LIMITED|RELIANCE RETAIL-(AZORTE)|VENKATESHWARA AGENCIES-TG|WELLNESS FOREVER,57,3.537499879661017
THE DERMA CO,8906087776024,2026-07,13,APOLLO PHARMACY|AZ ENTERPRISES-MT|D.L. SALES - MT|HEALTH & GLOW|LULU HYPER|M/S KOTTARAM BUSINESS|MARK ENTERPRISE-APOLLO|NYKAA E-RETAIL LIMITED|RELIANCE RETAIL|RELIANCE RETAIL-(AZORTE)|RRL-FOC-SAMPLE|SANCUS NETWORKS-MT-REG.|SRI VIJAYA DURGA AGENCIES,69,3.302347198305085
THE DERMA CO,8906087773740,2026-07,7,APOLLO PHARMACY|AZ ENTERPRISES-MT|HEALTH & GLOW|LULU HYPER|SRI VIJAYA DURGA AGENCIES|VENKATESHWARA AGENCIES-TG|WELLNESS FOREVER,33,3.261777881355932
THE DERMA CO,8904417307771,2026-08,7,APOLLO PHARMACY|AZ ENTERPRISES-MT|D.L. SALES - MT|EREMEDIUM|NYKAA E-RETAIL LIMITED|SRI VIJAYA DURGA AGENCIES|VENKATESHWARA AGENCIES-TG,49,3.1807532
THE DERMA CO,8904417300123,2026-07,6,AZ ENTERPRISES-MT|EREMEDIUM|G.V ENTERPRISES|LULU HYPER|RELIANCE RETAIL|SRI VIJAYA DURGA AGENCIES,17,3.0245234952380953
THE DERMA CO,8906087778677,2026-07,11,APOLLO PHARMACY|AZ ENTERPRISES-MT|DMART|HEALTH & GLOW|LULU HYPER|M/S KOTTARAM BUSINESS|RELIANCE RETAIL|RELIANCE RETAIL-(AZORTE)|SRI VIJAYA DURGA AGENCIES|VENKATESHWARA AGENCIES-TG|WELLNESS FOREVER,23,3.0137741271186442
THE DERMA CO,8904417323276,2026-07,9,APOLLO PHARMACY|AZ ENTERPRISES-MT|D.L. SALES - MT|HYPERMAX CITY-CARREFOUR|LULU HYPER|NYKAA E-RETAIL LIMITED|RELIANCE RETAIL-(AZORTE)|SRI VIJAYA DURGA AGENCIES|VENKATESHWARA AGENCIES-TG,40,2.8165382644067796
THE DERMA CO,8904417316933,2026-07,7,APOLLO PHARMACY|D.L. SALES - MT|HYPERMAX CITY-CARREFOUR|LULU HYPER|M/S KOTTARAM BUSINESS|RELIANCE RETAIL|RELIANCE RETAIL-(AZORTE),14,2.5906615508474573
THE DERMA CO,8904417318890,2026-07,8,APOLLO PHARMACY|AZ ENTERPRISES-MT|BALAJI ASSOCIATES DISTRIBUTOR MT|D.L. SALES - MT|NYKAA E-RETAIL LIMITED|RELIANCE RETAIL|SRI VIJAYA DURGA AGENCIES|VENKATESHWARA AGENCIES-TG,51,2.4910845
THE DERMA CO,8906087777076,2026-07,5,BALAJI ASSOCIATES DISTRIBUTOR MT|LULU HYPER|RELIANCE RETAIL|RELIANCE RETAIL-(AZORTE)|TRAVEL NEWS SERVICES-WSMITH,9,2.4550017779661015
THE DERMA CO,8904417307139,2026-07,5,GUARDIAN HEALTHCARE-DELHI|NYKAA E-RETAIL LIMITED|RELIANCE RETAIL|RELIANCE RETAIL-(AZORTE)|WELLNESS FOREVER,29,2.4486142
THE DERMA CO,8904417307146,2026-07,5,D-MART-OFFLINE|NYKAA E-RETAIL LIMITED|RELIANCE RETAIL|RELIANCE RETAIL-(AZORTE)|WELLNESS FOREVER,60,2.4375474
THE DERMA CO,8904417322989,2026-07,9,APOLLO PHARMACY|AZ ENTERPRISES-MT|D.L. SALES - MT|MARK ENTERPRISE-APOLLO|NYKAA E-RETAIL LIMITED|RELIANCE RETAIL-(AZORTE)|RRL-FOC-SAMPLE|SANCUS NETWORKS-MT-REG.|VENKATESHWARA AGENCIES-TG,48,2.2153101333333334
THE DERMA CO,8904417317282,2026-07,10,APOLLO PHARMACY|AZ ENTERPRISES-MT|D-MART-OFFLINE|D.L. SALES - MT|MARK ENTERPRISE-APOLLO|NYKAA E-RETAIL LIMITED|RELIANCE RETAIL-(AZORTE)|RRL-FOC-SAMPLE|SANCUS NETWORKS-MT-REG.|VENKATESHWARA AGENCIES-TG,38,2.1461127
THE DERMA CO,8906087777045,2026-07,5,LULU HYPER|RELIANCE RETAIL|RELIANCE RETAIL-(AZORTE)|SRI VIJAYA DURGA AGENCIES|TRAVEL NEWS SERVICES-WSMITH,9,2.0822365779661016
THE DERMA CO,8906087772057,2026-07,8,APOLLO PHARMACY|AZ ENTERPRISES-MT|DMART|HEALTH & GLOW|LULU HYPER|NYKAA E-RETAIL LIMITED|RELIANCE RETAIL-(AZORTE)|WELLNESS FOREVER,39,1.8720545966101694
THE DERMA CO,8904417311297,2026-07,4,AZ ENTERPRISES-MT|HEALTH & GLOW|RELIANCE RETAIL|SRI VIJAYA DURGA AGENCIES,9,1.5646695
THE DERMA CO,8906087775058,2026-08,2,D-MART-OFFLINE|NYKAA E-RETAIL LIMITED,37,1.4505722
THE DERMA CO,8906087776437,2026-08,2,D-MART-OFFLINE|NYKAA E-RETAIL LIMITED,44,1.423204
THE DERMA CO,8904417308501,2026-07,6,APOLLO PHARMACY|BALAJI ASSOCIATES DISTRIBUTOR MT|DMART|HEALTH & GLOW|RELIANCE RETAIL|RELIANCE RETAIL-(AZORTE),29,1.3615427999999998
THE DERMA CO,8906087774808,2026-07,5,APOLLO PHARMACY|HEALTH & GLOW|LULU HYPER|VENKATESHWARA AGENCIES-TG|WELLNESS FOREVER,32,1.340053738983051
THE DERMA CO,8906087779308,2026-08,5,APOLLO PHARMACY|AZ ENTERPRISES-MT|NYKAA E-RETAIL LIMITED|SRI VIJAYA DURGA AGENCIES|VENKATESHWARA AGENCIES-TG,49,1.3313407
THE DERMA CO,8906087773863,2026-07,8,APOLLO PHARMACY|DMART|HEALTH & GLOW|LULU HYPER|RELIANCE RETAIL-(AZORTE)|SRI VIJAYA DURGA AGENCIES|VENKATESHWARA AGENCIES-TG|WELLNESS FOREVER,30,1.324146274576271
THE DERMA CO,8904417317718,2026-08,9,APOLLO PHARMACY|AZ ENTERPRISES-MT|D.L. SALES - MT|G.V ENTERPRISES|HYPERMAX CITY-CARREFOUR|NYKAA E-RETAIL LIMITED|RELIANCE RETAIL-(AZORTE)|SRI VIJAYA DURGA AGENCIES|VENKATESHWARA AGENCIES-TG,30,1.2494898
THE DERMA CO,8906087776093,2026-07,7,APOLLO PHARMACY|AZ ENTERPRISES-MT|DMART|HEALTH & GLOW|RELIANCE RETAIL-(AZORTE)|VENKATESHWARA AGENCIES-TG|WELLNESS FOREVER,32,1.2399963999999999
THE DERMA CO,8904417319637,2026-08,2,D-MART-OFFLINE|NYKAA E-RETAIL LIMITED,45,1.1312647
THE DERMA CO,8904417322972,2026-08,1,APOLLO PHARMACY,6,1.0880633
THE DERMA CO,8906087774624,2026-07,7,APOLLO PHARMACY|AZ ENTERPRISES-MT|DMART|HEALTH & GLOW|NYKAA E-RETAIL LIMITED|RELIANCE RETAIL-(AZORTE)|SRI VIJAYA DURGA AGENCIES,47,1.0573550999999999
THE DERMA CO,8906087772071,2026-07,5,APOLLO PHARMACY|DMART|GUARDIAN HEALTHCARE-DELHI|HEALTH & GLOW|WELLNESS FOREVER,38,1.0191996
THE DERMA CO,8904417322828,2026-08,1,APOLLO PHARMACY,12,0.9542371
THE DERMA CO,8904417324426,2026-07,3,G.V ENTERPRISES|LULU HYPER|RELIANCE RETAIL-(AZORTE),3,0.7943873847457628
THE DERMA CO,8904417313000,2026-08,1,NYKAA E-RETAIL LIMITED,26,0.6800625
THE DERMA CO,8906087772019,2026-07,5,APOLLO PHARMACY|HEALTH & GLOW|RELIANCE RETAIL-(AZORTE)|VENKATESHWARA AGENCIES-TG|WELLNESS FOREVER,21,0.5936769
THE DERMA CO,8904417306217,2026-07,1,RELIANCE RETAIL,11,0.5649212
THE DERMA CO,8906087774105,2026-07,6,APOLLO PHARMACY|DMART|HEALTH & GLOW|LULU HYPER|RELIANCE RETAIL-(AZORTE)|VENKATESHWARA AGENCIES-TG,17,0.4797036813559322
THE DERMA CO,8904417307269,2026-08,1,D-MART-OFFLINE,1,0.4378576
THE DERMA CO,8906087778042,2026-07,2,APOLLO PHARMACY|RELIANCE RETAIL-(AZORTE),11,0.425138
THE DERMA CO,8906087774495,2026-07,4,AZ ENTERPRISES-MT|DMART|HEALTH & GLOW|WELLNESS FOREVER,24,0.4093715
THE DERMA CO,8904417323894,2026-07,3,AZ ENTERPRISES-MT|LULU HYPER|M/S KOTTARAM BUSINESS,5,0.40860832711864403
THE DERMA CO,8904417314601,2026-08,1,APOLLO PHARMACY,12,0.3531743
THE DERMA CO,8906087775706,2026-07,2,AZ ENTERPRISES-MT|HEALTH & GLOW,12,0.3053207
THE DERMA CO,8904417316926,2026-07,1,LULU HYPER,4,0.2897901559322034
THE DERMA CO,8904417313437,2026-08,1,NYKAA E-RETAIL LIMITED,22,0.2820692
THE DERMA CO,8904417311327,2026-07,6,AZ ENTERPRISES-MT|DMART|HEALTH & GLOW|LULU HYPER|RELIANCE RETAIL-(AZORTE)|VENKATESHWARA AGENCIES-TG,36,0.281948
THE DERMA CO,8904417322569,2026-07,1,APOLLO PHARMACY,7,0.253096
THE DERMA CO,8904417313956,2026-08,2,APOLLO PHARMACY|VENKATESHWARA AGENCIES-TG,2,0.2408303
THE DERMA CO,8904417325447,2026-08,1,RELIANCE RETAIL-(AZORTE),1,0.2238186
THE DERMA CO,8904417324624,2026-07,2,LULU HYPER|VENKATESHWARA AGENCIES-TG,4,0.2132726033898305
THE DERMA CO,8904417322552,2026-07,1,APOLLO PHARMACY,5,0.1875888
THE DERMA CO,8904417311495,2026-07,2,HEALTH & GLOW|LULU HYPER,17,0.180839593220339
THE DERMA CO,8904417323801,2026-08,1,APOLLO PHARMACY,1,0.10351690000000001
THE DERMA CO,8906087774488,2026-07,2,DMART|HEALTH & GLOW,13,0.0962615
THE DERMA CO,8904417309799,2026-07,2,DMART|HEALTH & GLOW,24,0.0960518
THE DERMA CO,8904417300079,2026-07,1,LULU HYPER,1,0.08284559322033899
THE DERMA CO,8904417301632,2026-07,6,AZ ENTERPRISES-MT|D.L. SALES - MT|LULU HYPER|M/S KOTTARAM BUSINESS|MARK ENTERPRISE-APOLLO|RRL-FOC-SAMPLE,10,0.06658923898305086
THE DERMA CO,8904417300598,2026-07,1,HEALTH & GLOW,2,0.060532699999999995
THE DERMA CO,8904417321722,2026-07,1,APOLLO PHARMACY,1,0.042825600000000005
THE DERMA CO,8904417313970,2026-08,1,APOLLO PHARMACY,3,0.008592
THE DERMA CO,8906087778608,2026-07,1,HEALTH & GLOW,2,0.00767415
THE DERMA CO,8904417316049,2026-08,1,APOLLO PHARMACY,1,0.00403
UNMAPPED,8906087775645,2026-07,1,DMART,3,11.35728
